t,marker,ok,dt_ms,roll_deg,pitch_deg,yaw_deg,gx,gy,gz,L_roll_deg,L_pitch_deg,L_yaw_deg,R_roll_deg,R_pitch_deg,R_yaw_deg,disagree_deg,Lq0,Lq1,Lq2,Lq3,Rq0,Rq1,Rq2,Rq3,Fq0,Fq1,Fq2,Fq3,Lgx,Lgy,Lgz,Rgx,Rgy,Rgz
0.3955,0,1,0.00,-38.070,-1.095,-2.675,0.00042,-0.00008,0.00022,0.593,-0.222,-5.209,-76.731,-0.193,-0.152,77.445,0.998952,0.005078,-0.002169,-0.045427,0.784062,-0.620678,-0.000499,-0.002085,0.944947,-0.326250,-0.001414,-0.025180,-0.00025,0.00015,-0.00044,0.00108,-0.00030,0.00088
0.4036,0,1,8.08,-38.070,-1.093,-2.675,-0.00025,0.00112,0.00062,0.592,-0.220,-5.207,-76.731,-0.193,-0.152,77.445,0.998953,0.005077,-0.002151,-0.045413,0.784062,-0.620679,-0.000500,-0.002089,0.944947,-0.326252,-0.001405,-0.025175,-0.00051,0.00202,0.00142,0.00001,0.00023,-0.00019
0.6851,0,1,281.54,-38.065,-1.100,-2.675,-0.00040,-0.00127,-0.00125,0.595,-0.228,-5.209,-76.723,-0.198,-0.152,77.438,0.998952,0.005095,-0.002225,-0.045428,0.784107,-0.620622,-0.000536,-0.002113,0.944961,-0.326208,-0.001463,-0.025195,-0.00078,-0.00064,-0.00071,-0.00001,-0.00190,-0.00179
0.6934,0,1,8.31,-38.065,-1.100,-2.674,0.00014,-0.00047,-0.00005,0.595,-0.228,-5.207,-76.723,-0.198,-0.152,77.438,0.998953,0.005093,-0.002220,-0.045411,0.784107,-0.620622,-0.000536,-0.002113,0.944961,-0.326209,-0.001461,-0.025186,0.00029,0.00096,0.00169,-0.00001,-0.00190,-0.00179
0.9923,0,1,298.86,-38.066,-1.098,-2.679,-0.00107,-0.00048,0.00089,0.595,-0.226,-5.205,-76.725,-0.201,-0.163,77.440,0.998954,0.005095,-0.002210,-0.045394,0.784094,-0.620638,-0.000496,-0.002204,0.944957,-0.326217,-0.001434,-0.025225,-0.00079,-0.00064,0.00035,-0.00134,-0.00032,0.00143
1.0004,0,1,8.09,-38.066,-1.098,-2.680,-0.00173,-0.00048,0.00062,0.593,-0.226,-5.205,-76.725,-0.201,-0.163,77.438,0.998954,0.005081,-0.002203,-0.045396,0.784094,-0.620638,-0.000496,-0.002204,0.944955,-0.326224,-0.001431,-0.025226,-0.00212,-0.00064,-0.00018,-0.00134,-0.00032,0.00143
1.4913,0,1,490.93,-38.064,-1.098,-2.676,-0.00054,-0.00008,-0.00032,0.591,-0.229,-5.199,-76.718,-0.202,-0.164,77.428,0.998956,0.005060,-0.002232,-0.045339,0.784135,-0.620586,-0.000493,-0.002213,0.944963,-0.326203,-0.001444,-0.025201,-0.00051,0.00017,-0.00047,-0.00056,-0.00032,-0.00018
1.6964,0,1,205.09,-38.066,-1.099,-2.682,0.00066,0.00125,-0.00084,0.592,-0.226,-5.207,-76.723,-0.204,-0.165,77.435,0.998953,0.005074,-0.002206,-0.045410,0.784105,-0.620624,-0.000501,-0.002229,0.944956,-0.326219,-0.001434,-0.025247,0.00082,0.00123,-0.00125,0.00051,0.00128,-0.00044
1.7939,0,1,97.50,-38.067,-1.100,-2.683,0.00040,-0.00128,-0.00043,0.592,-0.222,-5.209,-76.726,-0.208,-0.162,77.438,0.998952,0.005075,-0.002169,-0.045432,0.784091,-0.620642,-0.000547,-0.002236,0.944952,-0.326229,-0.001439,-0.025263,0.00055,-0.00038,-0.00017,0.00025,-0.00219,-0.00070
1.8045,0,1,10.65,-38.066,-1.100,-2.682,-0.00054,-0.00048,0.00023,0.594,-0.223,-5.207,-76.726,-0.207,-0.163,77.440,0.998953,0.005093,-0.002181,-0.045414,0.784092,-0.620640,-0.000533,-0.002232,0.944956,-0.326220,-0.001438,-0.025251,-0.00025,-0.00145,0.00009,-0.00082,0.00048,0.00037
2.2029,0,1,398.33,-38.068,-1.099,-2.683,-0.00027,0.00125,0.00037,0.591,-0.219,-5.206,-76.727,-0.209,-0.164,77.438,0.998954,0.005067,-0.002144,-0.045405,0.784087,-0.620647,-0.000545,-0.002256,0.944950,-0.326236,-0.001425,-0.025259,-0.00025,0.00068,0.00116,-0.00029,0.00182,-0.00042
2.2208,0,1,17.90,-38.074,-1.096,-2.686,-0.00119,-0.00076,0.00143,0.588,-0.217,-5.207,-76.736,-0.207,-0.168,77.444,0.998953,0.005044,-0.002125,-0.045410,0.784035,-0.620713,-0.000505,-0.002272,0.944932,-0.326287,-0.001394,-0.025270,-0.00104,-0.00093,0.00142,-0.00134,-0.00060,0.00144
2.5273,0,1,306.57,-38.074,-1.099,-2.682,-0.00025,0.00031,-0.00044,0.591,-0.225,-5.210,-76.738,-0.202,-0.163,77.449,0.998952,0.005061,-0.002199,-0.045437,0.784027,-0.620723,-0.000501,-0.002207,0.944933,-0.326285,-0.001431,-0.025250,0.00004,-0.00066,-0.00044,-0.00053,0.00128,-0.00044
2.5470,0,1,19.70,-38.074,-1.100,-2.684,-0.00038,0.00071,-0.00150,0.592,-0.227,-5.212,-76.740,-0.202,-0.165,77.452,0.998951,0.005071,-0.002211,-0.045459,0.784016,-0.620736,-0.000492,-0.002224,0.944931,-0.326288,-0.001432,-0.025271,0.00110,-0.00039,-0.00230,-0.00186,0.00181,-0.00070
2.8180,0,1,270.96,-38.075,-1.102,-2.683,0.00002,-0.00075,-0.00017,0.591,-0.229,-5.212,-76.741,-0.204,-0.162,77.452,0.998951,0.005060,-0.002228,-0.045460,0.784009,-0.620746,-0.000515,-0.002213,0.944928,-0.326299,-0.001454,-0.025266,-0.00050,-0.00039,-0.00017,0.00055,-0.00112,-0.00017
3.1252,0,1,307.22,-38.077,-1.104,-2.681,-0.00023,0.00098,0.00077,0.589,-0.233,-5.209,-76.742,-0.205,-0.163,77.451,0.998952,0.005039,-0.002269,-0.045430,0.784002,-0.620755,-0.000516,-0.002226,0.944923,-0.326314,-0.001476,-0.025256,-0.00048,0.00015,0.00116,0.00002,0.00182,0.00037
3.1550,0,1,29.77,-38.078,-1.102,-2.684,-0.00170,-0.00103,-0.00124,0.589,-0.232,-5.212,-76.745,-0.201,-0.166,77.454,0.998951,0.005044,-0.002255,-0.045457,0.783987,-0.620773,-0.000478,-0.002226,0.944919,-0.326323,-0.001449,-0.025271,-0.00235,-0.00119,-0.00257,-0.00105,-0.00086,0.00010
3.9606,0,1,805.63,-38.075,-1.102,-2.685,-0.00062,-0.00050,0.00063,0.606,-0.233,-5.218,-76.756,-0.198,-0.164,77.482,0.998948,0.005189,-0.002271,-0.045509,0.783930,-0.620845,-0.000465,-0.002190,0.944928,-0.326299,-0.001450,-0.025281,-0.00022,-0.00120,0.00091,-0.00102,0.00021,0.00035
3.9685,0,1,7.84,-38.074,-1.099,-2.682,0.00005,-0.00023,-0.00004,0.608,-0.229,-5.212,-76.756,-0.197,-0.162,77.484,0.998950,0.005210,-0.002237,-0.045458,0.783931,-0.620844,-0.000464,-0.002177,0.944932,-0.326288,-0.001432,-0.025247,0.00004,0.00039,-0.00097,0.00005,-0.00086,0.00088
4.0752,0,1,106.78,-38.075,-1.102,-2.683,-0.00169,0.00070,-0.00057,0.607,-0.231,-5.213,-76.756,-0.200,-0.164,77.482,0.998950,0.005198,-0.002255,-0.045469,0.783930,-0.620846,-0.000480,-0.002205,0.944929,-0.326294,-0.001450,-0.025267,-0.00263,0.00120,0.00037,-0.00075,0.00021,-0.00152
4.0801,0,1,4.88,-38.074,-1.101,-2.683,-0.00022,0.00044,-0.00004,0.608,-0.230,-5.212,-76.756,-0.200,-0.164,77.483,0.998950,0.005205,-0.002249,-0.045455,0.783930,-0.620846,-0.000480,-0.002205,0.944931,-0.326291,-0.001446,-0.025260,0.00031,0.00066,0.00143,-0.00075,0.00021,-0.00152
4.3655,0,1,285.41,-38.067,-1.103,-2.679,0.00017,-0.00036,0.00049,0.614,-0.233,-5.208,-76.749,-0.202,-0.161,77.483,0.998952,0.005264,-0.002275,-0.045419,0.783969,-0.620796,-0.000508,-0.002193,0.944951,-0.326233,-0.001475,-0.025235,-0.00050,0.00066,0.00089,0.00084,-0.00139,0.00009
4.3731,0,1,7.54,-38.067,-1.102,-2.678,-0.00036,0.00044,0.00102,0.616,-0.232,-5.206,-76.750,-0.201,-0.161,77.485,0.998952,0.005276,-0.002264,-0.045403,0.783962,-0.620805,-0.000503,-0.002190,0.944952,-0.326233,-0.001466,-0.025224,0.00031,0.00066,0.00169,-0.00103,0.00021,0.00036
4.9677,0,1,594.66,-38.066,-1.099,-2.681,0.00043,-0.00038,-0.00071,0.614,-0.231,-5.206,-76.745,-0.198,-0.167,77.479,0.998952,0.005262,-0.002255,-0.045405,0.783988,-0.620772,-0.000448,-0.002218,0.944956,-0.326219,-0.001432,-0.025241,0.00003,-0.00095,0.00009,0.00083,0.00020,-0.00152
5.2752,0,1,307.51,-38.063,-1.102,-2.678,-0.00024,0.00070,-0.00085,0.617,-0.233,-5.200,-76.743,-0.204,-0.166,77.478,0.998955,0.005284,-0.002276,-0.045348,0.784001,-0.620755,-0.000499,-0.002243,0.944963,-0.326199,-0.001471,-0.025223,-0.00024,0.00092,-0.00046,-0.00024,0.00047,-0.00123
5.2980,0,1,22.79,-38.069,-1.104,-2.674,0.00057,0.00031,0.00022,0.612,-0.238,-5.198,-76.748,-0.202,-0.164,77.479,0.998956,0.005240,-0.002321,-0.045330,0.783971,-0.620793,-0.000493,-0.002218,0.944949,-0.326243,-0.001492,-0.025200,0.00110,-0.00013,0.00060,0.00004,0.00074,-0.00017
5.3436,0,1,45.55,-38.070,-1.103,-2.677,0.00017,0.00164,-0.00071,0.610,-0.237,-5.200,-76.749,-0.202,-0.166,77.478,0.998955,0.005226,-0.002310,-0.045353,0.783965,-0.620801,-0.000482,-0.002233,0.944945,-0.326254,-0.001480,-0.025220,-0.00077,0.00147,-0.00046,0.00111,0.00181,-0.00097
5.6893,0,1,345.71,-38.067,-1.094,-2.677,0.00163,-0.00024,0.00061,0.615,-0.231,-5.203,-76.748,-0.189,-0.166,77.483,0.998953,0.005271,-0.002260,-0.045380,0.783971,-0.620794,-0.000392,-0.002163,0.944954,-0.326228,-0.001405,-0.025198,0.00136,-0.00042,-0.00045,0.00191,-0.00007,0.00168
5.7871,0,1,97.81,-38.071,-1.092,-2.680,-0.00009,-0.00038,-0.00059,0.608,-0.226,-5.204,-76.749,-0.191,-0.168,77.476,0.998954,0.005208,-0.002207,-0.045383,0.783969,-0.620796,-0.000398,-0.002184,0.944943,-0.326260,-0.001381,-0.025210,-0.00157,-0.00042,-0.00125,0.00138,-0.00034,0.00008
6.1968,0,1,409.71,-38.073,-1.091,-2.680,0.00058,-0.00038,0.00141,0.606,-0.224,-5.201,-76.751,-0.191,-0.170,77.477,0.998955,0.005195,-0.002194,-0.045357,0.783954,-0.620815,-0.000388,-0.002200,0.944937,-0.326277,-0.001369,-0.025205,0.00031,-0.00015,0.00221,0.00085,-0.00061,0.00061
6.5042,0,1,307.35,-38.074,-1.095,-2.671,0.00192,-0.00104,0.00087,0.602,-0.227,-5.188,-76.750,-0.199,-0.163,77.471,0.998960,0.005161,-0.002216,-0.045250,0.783962,-0.620804,-0.000476,-0.002196,0.944935,-0.326286,-0.001427,-0.025146,0.00218,-0.00123,-0.00102,0.00166,-0.00086,0.00276
6.8115,0,1,307.36,-38.070,-1.100,-2.669,0.00004,0.00004,-0.00059,0.608,-0.232,-5.188,-76.747,-0.203,-0.161,77.474,0.998960,0.005208,-0.002264,-0.045248,0.783975,-0.620789,-0.000521,-0.002202,0.944946,-0.326255,-0.001476,-0.025148,-0.00023,0.00039,-0.00102,0.00032,-0.00032,-0.00017
6.8355,0,1,24.02,-38.067,-1.097,-2.672,0.00030,0.00069,0.00088,0.612,-0.223,-5.187,-76.746,-0.207,-0.163,77.477,0.998960,0.005251,-0.002189,-0.045239,0.783982,-0.620779,-0.000532,-0.002238,0.944955,-0.326229,-0.001442,-0.025163,0.00135,0.00063,0.00085,-0.00075,0.00075,0.00091
7.1467,0,1,311.19,-38.066,-1.100,-2.668,0.00110,0.00002,-0.00005,0.619,-0.220,-5.178,-76.751,-0.218,-0.158,77.488,0.998963,0.005308,-0.002164,-0.045157,0.783953,-0.620815,-0.000633,-0.002264,0.944958,-0.326223,-0.001483,-0.025133,0.00079,-0.00099,0.00002,0.00140,0.00103,-0.00013
7.1523,0,1,5.56,-38.067,-1.101,-2.669,0.00003,0.00029,-0.00045,0.618,-0.221,-5.180,-76.751,-0.218,-0.158,77.487,0.998962,0.005300,-0.002171,-0.045180,0.783953,-0.620815,-0.000633,-0.002264,0.944956,-0.326227,-0.001486,-0.025146,-0.00134,-0.00045,-0.00077,0.00140,0.00103,-0.00013
7.5073,0,1,355.00,-38.064,-1.102,-2.668,-0.00078,-0.00144,-0.00085,0.616,-0.224,-5.178,-76.744,-0.219,-0.159,77.478,0.998963,0.005285,-0.002196,-0.045158,0.783994,-0.620764,-0.000637,-0.002277,0.944964,-0.326203,-0.001501,-0.025141,-0.00134,-0.00071,-0.00104,-0.00021,-0.00217,-0.00065
7.7471,0,1,239.85,-38.063,-1.101,-2.666,-0.00064,0.00003,-0.00032,0.619,-0.224,-5.177,-76.744,-0.217,-0.158,77.481,0.998964,0.005305,-0.002193,-0.045152,0.783991,-0.620768,-0.000631,-0.002255,0.944967,-0.326196,-0.001497,-0.025126,-0.00027,0.00036,-0.00051,-0.00102,-0.00030,-0.00012
7.7569,0,1,9.75,-38.066,-1.105,-2.664,0.00016,-0.00157,-0.00098,0.615,-0.224,-5.171,-76.747,-0.225,-0.158,77.479,0.998966,0.005272,-0.002197,-0.045099,0.783978,-0.620784,-0.000686,-0.002298,0.944959,-0.326221,-0.001528,-0.025120,-0.00026,-0.00018,-0.00052,0.00059,-0.00296,-0.00143
7.8468,0,1,89.88,-38.065,-1.102,-2.663,-0.00037,0.00069,0.00049,0.612,-0.225,-5.168,-76.743,-0.222,-0.159,77.472,0.998968,0.005248,-0.002199,-0.045072,0.784001,-0.620755,-0.000658,-0.002294,0.944961,-0.326214,-0.001514,-0.025104,-0.00133,0.00008,0.00000,0.00058,0.00131,0.00097
7.8638,0,1,17.04,-38.064,-1.102,-2.662,0.00069,-0.00024,0.00048,0.613,-0.224,-5.168,-76.742,-0.222,-0.158,77.472,0.998968,0.005256,-0.002196,-0.045069,0.784005,-0.620750,-0.000659,-0.002282,0.944964,-0.326208,-0.001513,-0.025096,0.00081,0.00035,0.00027,0.00058,-0.00083,0.00070
8.0516,0,1,187.77,-38.061,-1.104,-2.663,0.00055,-0.00050,-0.00045,0.619,-0.224,-5.169,-76.740,-0.223,-0.156,77.476,0.998967,0.005306,-0.002200,-0.045086,0.784014,-0.620738,-0.000680,-0.002279,0.944974,-0.326177,-0.001527,-0.025103,0.00026,-0.00018,-0.00053,0.00084,-0.00082,-0.00037
8.0669,0,1,15.36,-38.064,-1.103,-2.659,-0.00158,-0.00036,-0.00005,0.616,-0.224,-5.170,-76.744,-0.221,-0.150,77.478,0.998967,0.005284,-0.002192,-0.045090,0.783993,-0.620765,-0.000700,-0.002221,0.944965,-0.326204,-0.001533,-0.025075,-0.00027,0.00089,-0.00079,-0.00289,-0.00161,0.00070
8.3640,0,1,297.04,-38.066,-1.098,-2.657,-0.00064,0.00164,0.00008,0.616,-0.221,-5.167,-76.749,-0.215,-0.148,77.483,0.998968,0.005287,-0.002167,-0.045062,0.783968,-0.620798,-0.000664,-0.002178,0.944960,-0.326222,-0.001500,-0.025037,0.00079,0.00114,0.00000,-0.00207,0.00213,0.00015
8.3736,0,1,9.60,-38.066,-1.098,-2.657,-0.00064,0.00164,0.00008,0.616,-0.221,-5.167,-76.749,-0.215,-0.148,77.483,0.998968,0.005287,-0.002167,-0.045062,0.783968,-0.620798,-0.000664,-0.002178,0.944960,-0.326222,-0.001500,-0.025037,0.00079,0.00114,0.00000,-0.00207,0.00213,0.00015
8.6698,0,1,296.26,-38.068,-1.101,-2.652,0.00122,0.00057,-0.00019,0.618,-0.223,-5.163,-76.754,-0.217,-0.144,77.490,0.998969,0.005302,-0.002185,-0.045025,0.783942,-0.620831,-0.000704,-0.002160,0.944957,-0.326235,-0.001531,-0.025009,0.00104,0.00088,-0.00001,0.00141,0.00027,-0.00037
8.6788,0,1,9.02,-38.068,-1.100,-2.653,0.00122,0.00071,-0.00046,0.618,-0.221,-5.163,-76.754,-0.217,-0.144,77.490,0.998969,0.005304,-0.002172,-0.045031,0.783942,-0.620831,-0.000704,-0.002160,0.944957,-0.326234,-0.001524,-0.025012,0.00104,0.00114,-0.00054,0.00141,0.00027,-0.00037
8.9771,0,1,298.24,-38.066,-1.094,-2.656,-0.00092,0.00056,0.00102,0.614,-0.212,-5.163,-76.746,-0.215,-0.147,77.479,0.998969,0.005274,-0.002086,-0.045034,0.783984,-0.620777,-0.000674,-0.002175,0.944963,-0.326216,-0.001463,-0.025020,-0.00163,-0.00021,0.00053,-0.00021,0.00133,0.00150
8.9868,0,1,9.75,-38.065,-1.093,-2.655,0.00028,0.00016,0.00128,0.616,-0.213,-5.163,-76.746,-0.212,-0.148,77.480,0.998969,0.005284,-0.002096,-0.045031,0.783983,-0.620778,-0.000652,-0.002160,0.944965,-0.326212,-0.001456,-0.025011,0.00050,-0.00048,0.00026,0.00006,0.00080,0.00230
9.2830,0,1,296.16,-38.063,-1.097,-2.651,0.00121,0.00057,-0.00033,0.623,-0.229,-5.156,-76.748,-0.208,-0.153,77.489,0.998971,0.005345,-0.002240,-0.044971,0.783972,-0.620792,-0.000594,-0.002170,0.944972,-0.326191,-0.001502,-0.024985,0.00075,-0.00071,-0.00029,0.00166,0.00185,-0.00037
9.2932,0,1,10.17,-38.063,-1.097,-2.651,0.00121,0.00057,-0.00033,0.623,-0.229,-5.156,-76.748,-0.208,-0.153,77.489,0.998971,0.005345,-0.002240,-0.044971,0.783972,-0.620792,-0.000594,-0.002170,0.944972,-0.326191,-0.001502,-0.024985,0.00075,-0.00071,-0.00029,0.00166,0.00185,-0.00037
9.5999,0,1,306.75,-38.065,-1.095,-2.647,0.00201,-0.00036,0.00006,0.622,-0.233,-5.158,-76.751,-0.198,-0.148,77.491,0.998971,0.005335,-0.002275,-0.044982,0.783957,-0.620812,-0.000553,-0.002087,0.944968,-0.326208,-0.001499,-0.024947,0.00101,0.00037,-0.00029,0.00300,-0.00108,0.00041
9.6063,0,1,6.36,-38.067,-1.093,-2.646,-0.00066,-0.00049,0.00019,0.617,-0.230,-5.155,-76.750,-0.199,-0.147,77.485,0.998972,0.005284,-0.002249,-0.044959,0.783960,-0.620808,-0.000560,-0.002083,0.944961,-0.326230,-0.001489,-0.024933,-0.00165,-0.00017,0.00051,0.00033,-0.00081,-0.00013
10.1904,0,1,584.15,-38.067,-1.091,-2.647,0.00068,0.00044,-0.00061,0.614,-0.227,-5.158,-76.747,-0.197,-0.148,77.479,0.998971,0.005260,-0.002223,-0.044984,0.783975,-0.620788,-0.000547,-0.002076,0.944960,-0.326230,-0.001468,-0.024941,-0.00031,0.00009,-0.00135,0.00166,0.00079,0.00014
10.2068,0,1,16.34,-38.069,-1.089,-2.650,-0.00119,-0.00010,-0.00033,0.622,-0.217,-5.159,-76.759,-0.202,-0.147,77.499,0.998971,0.005334,-0.002138,-0.044993,0.783914,-0.620866,-0.000582,-0.002103,0.944956,-0.326241,-0.001442,-0.024961,-0.00033,0.00008,-0.00002,-0.00205,-0.00027,-0.00065
10.5230,0,1,316.28,-38.073,-1.092,-2.649,-0.00025,0.00164,0.00047,0.617,-0.220,-5.153,-76.763,-0.207,-0.149,77.498,0.998973,0.005294,-0.002159,-0.044940,0.783891,-0.620895,-0.000612,-0.002142,0.944944,-0.326277,-0.001469,-0.024954,-0.00006,0.00142,0.00184,-0.00043,0.00186,-0.00090
10.5269,0,1,3.82,-38.073,-1.092,-2.649,-0.00025,0.00111,-0.00046,0.617,-0.219,-5.153,-76.763,-0.207,-0.149,77.497,0.998973,0.005291,-0.002155,-0.044940,0.783891,-0.620895,-0.000612,-0.002142,0.944943,-0.326278,-0.001466,-0.024954,-0.00006,0.00035,-0.00003,-0.00043,0.00186,-0.00090
10.8314,0,1,304.50,-38.076,-1.097,-2.645,-0.00024,-0.00061,0.00007,0.612,-0.231,-5.151,-76.762,-0.208,-0.147,77.492,0.998974,0.005244,-0.002250,-0.044922,0.783893,-0.620891,-0.000623,-0.002131,0.944936,-0.326299,-0.001522,-0.024939,-0.00005,-0.00203,-0.00030,-0.00043,0.00080,0.00044
10.8353,0,1,3.92,-38.075,-1.098,-2.645,0.00043,-0.00008,0.00020,0.612,-0.231,-5.151,-76.762,-0.208,-0.147,77.492,0.998974,0.005248,-0.002254,-0.044923,0.783893,-0.620891,-0.000623,-0.002131,0.944937,-0.326297,-0.001525,-0.024939,0.00128,-0.00096,-0.00003,-0.00043,0.00080,0.00044
11.1247,0,1,289.43,-38.078,-1.095,-2.645,-0.00077,-0.00034,-0.00100,0.609,-0.229,-5.150,-76.765,-0.204,-0.149,77.492,0.998975,0.005220,-0.002237,-0.044918,0.783878,-0.620910,-0.000593,-0.002125,0.944929,-0.326322,-0.001500,-0.024933,-0.00059,-0.00015,-0.00057,-0.00095,-0.00054,-0.00143
11.1346,0,1,9.92,-38.078,-1.096,-2.645,-0.00037,-0.00061,-0.00127,0.610,-0.231,-5.151,-76.765,-0.204,-0.149,77.492,0.998974,0.005223,-0.002256,-0.044928,0.783878,-0.620910,-0.000593,-0.002125,0.944929,-0.326320,-0.001510,-0.024939,0.00022,-0.00068,-0.00110,-0.00095,-0.00054,-0.00143
11.4749,0,1,340.24,-38.077,-1.101,-2.648,-0.00023,0.00006,0.00088,0.613,-0.242,-5.152,-76.767,-0.205,-0.157,77.496,0.998973,0.005249,-0.002351,-0.044935,0.783870,-0.620921,-0.000554,-0.002188,0.944930,-0.326314,-0.001540,-0.024975,0.00048,-0.00119,0.00024,-0.00095,0.00131,0.00152
11.5061,0,1,31.17,-38.076,-1.101,-2.650,0.00003,0.00060,-0.00059,0.612,-0.243,-5.153,-76.764,-0.206,-0.160,77.493,0.998973,0.005242,-0.002360,-0.044938,0.783884,-0.620903,-0.000541,-0.002206,0.944932,-0.326307,-0.001537,-0.024987,-0.00032,-0.00065,-0.00003,0.00038,0.00184,-0.00115
11.5385,0,1,32.47,-38.076,-1.100,-2.650,0.00110,0.00006,-0.00019,0.612,-0.242,-5.151,-76.764,-0.206,-0.161,77.492,0.998974,0.005240,-0.002349,-0.044923,0.783887,-0.620900,-0.000534,-0.002215,0.944933,-0.326305,-0.001528,-0.024984,0.00182,-0.00092,0.00023,0.00038,0.00104,-0.00061
11.7506,0,1,212.12,-38.080,-1.098,-2.650,0.00004,0.00046,-0.00179,0.609,-0.241,-5.148,-76.768,-0.206,-0.163,77.492,0.998975,0.005214,-0.002335,-0.044900,0.783866,-0.620926,-0.000525,-0.002234,0.944923,-0.326334,-0.001516,-0.024981,-0.00059,-0.00012,-0.00164,0.00066,0.00104,-0.00194
11.7543,0,1,3.61,-38.080,-1.099,-2.650,0.00030,0.00006,-0.00139,0.608,-0.242,-5.149,-76.768,-0.206,-0.163,77.492,0.998975,0.005209,-0.002350,-0.044909,0.783866,-0.620926,-0.000525,-0.002234,0.944922,-0.326336,-0.001524,-0.024986,-0.00005,-0.00092,-0.00084,0.00066,0.00104,-0.00194
11.8373,0,1,83.03,-38.077,-1.100,-2.649,0.00016,-0.00047,-0.00086,0.610,-0.241,-5.147,-76.764,-0.208,-0.161,77.490,0.998975,0.005225,-0.002344,-0.044893,0.783885,-0.620902,-0.000552,-0.002233,0.944930,-0.326314,-0.001535,-0.024977,0.00021,-0.00039,-0.00004,0.00012,-0.00056,-0.00167
11.8541,0,1,16.79,-38.077,-1.099,-2.649,0.00016,0.00006,0.00035,0.611,-0.241,-5.147,-76.763,-0.207,-0.162,77.490,0.998975,0.005234,-0.002343,-0.044893,0.783888,-0.620898,-0.000541,-0.002229,0.944933,-0.326307,-0.001529,-0.024975,-0.00006,-0.00038,-0.00004,0.00039,0.00051,0.00073
11.9415,0,1,87.41,-38.077,-1.096,-2.648,-0.00090,0.00033,-0.00019,0.612,-0.238,-5.148,-76.766,-0.204,-0.160,77.493,0.998975,0.005239,-0.002310,-0.044895,0.783877,-0.620912,-0.000528,-0.002200,0.944931,-0.326313,-0.001504,-0.024961,-0.00006,0.00148,-0.00057,-0.00174,-0.00083,0.00019
11.9581,0,1,16.67,-38.078,-1.097,-2.647,-0.00063,-0.00021,0.00021,0.611,-0.237,-5.147,-76.766,-0.204,-0.158,77.493,0.998976,0.005232,-0.002309,-0.044888,0.783875,-0.620914,-0.000541,-0.002191,0.944929,-0.326318,-0.001510,-0.024952,-0.00086,0.00121,0.00076,-0.00041,-0.00162,-0.00034
12.0520,0,1,93.83,-38.081,-1.097,-2.646,-0.00076,-0.00101,-0.00046,0.609,-0.236,-5.145,-76.771,-0.207,-0.157,77.497,0.998976,0.005220,-0.002296,-0.044873,0.783846,-0.620951,-0.000565,-0.002192,0.944920,-0.326346,-0.001516,-0.024945,-0.00006,-0.00013,-0.00031,-0.00146,-0.00189,-0.00060
12.0615,0,1,9.57,-38.079,-1.098,-2.647,0.00191,0.00006,-0.00126,0.611,-0.235,-5.147,-76.769,-0.208,-0.156,77.496,0.998976,0.005238,-0.002288,-0.044890,0.783860,-0.620933,-0.000578,-0.002192,0.944926,-0.326327,-0.001519,-0.024954,0.00181,0.00121,-0.00164,0.00200,-0.00108,-0.00087
12.3552,0,1,293.62,-38.075,-1.093,-2.642,0.00123,0.00006,-0.00153,0.619,-0.231,-5.148,-76.768,-0.200,-0.148,77.505,0.998975,0.005305,-0.002252,-0.044897,0.783861,-0.620932,-0.000568,-0.002093,0.944939,-0.326295,-0.001495,-0.024906,0.00206,0.00066,-0.00218,0.00041,-0.00053,-0.00088
12.3583,0,1,3.11,-38.075,-1.094,-2.643,0.00057,-0.00074,-0.00086,0.620,-0.232,-5.149,-76.768,-0.200,-0.148,77.506,0.998975,0.005312,-0.002268,-0.044906,0.783861,-0.620932,-0.000568,-0.002093,0.944940,-0.326291,-0.001503,-0.024910,0.00072,-0.00094,-0.00084,0.00041,-0.00053,-0.00088
12.6628,0,1,304.52,-38.072,-1.092,-2.640,-0.00011,-0.00007,0.00047,0.622,-0.230,-5.150,-76.765,-0.195,-0.142,77.506,0.998974,0.005334,-0.002252,-0.044916,0.783878,-0.620911,-0.000565,-0.002025,0.944948,-0.326269,-0.001493,-0.024879,0.00125,-0.00015,0.00210,-0.00146,0.00001,-0.00116
12.6666,0,1,3.79,-38.072,-1.092,-2.640,-0.00011,-0.00007,0.00047,0.622,-0.230,-5.150,-76.765,-0.195,-0.142,77.506,0.998974,0.005334,-0.002252,-0.044916,0.783878,-0.620911,-0.000565,-0.002025,0.944948,-0.326269,-0.001493,-0.024879,0.00125,-0.00015,0.00210,-0.00146,0.00001,-0.00116
12.9690,0,1,302.40,-38.067,-1.091,-2.638,0.00135,-0.00047,-0.00047,0.626,-0.229,-5.147,-76.759,-0.195,-0.142,77.503,0.998975,0.005371,-0.002244,-0.044886,0.783913,-0.620867,-0.000569,-0.002029,0.944964,-0.326225,-0.001491,-0.024866,0.00071,-0.00043,-0.00111,0.00199,-0.00052,0.00018
12.9819,0,1,12.92,-38.066,-1.092,-2.638,0.00081,-0.00087,-0.00046,0.625,-0.230,-5.148,-76.756,-0.196,-0.140,77.499,0.998975,0.005354,-0.002247,-0.044898,0.783926,-0.620850,-0.000578,-0.002019,0.944965,-0.326222,-0.001498,-0.024866,-0.00036,-0.00043,-0.00111,0.00199,-0.00132,0.00018
13.2762,0,1,294.29,-38.065,-1.093,-2.635,-0.00066,0.00020,-0.00033,0.628,-0.229,-5.146,-76.758,-0.197,-0.135,77.504,0.998975,0.005387,-0.002241,-0.044878,0.783917,-0.620862,-0.000615,-0.001989,0.944968,-0.326214,-0.001514,-0.024841,-0.00090,0.00063,0.00022,-0.00041,-0.00024,-0.00089
13.5220,0,1,245.76,-38.066,-1.091,-2.635,-0.00052,0.00140,0.00060,0.628,-0.229,-5.146,-76.758,-0.195,-0.137,77.505,0.998975,0.005387,-0.002241,-0.044878,0.783916,-0.620864,-0.000593,-0.001996,0.944968,-0.326215,-0.001502,-0.024844,-0.00090,0.00063,0.00022,-0.00014,0.00216,0.00098
13.5891,0,1,67.15,-38.072,-1.096,-2.630,0.00083,-0.00020,0.00073,0.618,-0.233,-5.140,-76.761,-0.200,-0.131,77.497,0.998978,0.005296,-0.002271,-0.044831,0.783900,-0.620884,-0.000655,-0.001982,0.944950,-0.326270,-0.001551,-0.024811,0.00019,-0.00043,0.00101,0.00147,0.00004,0.00045
13.6024,0,1,13.30,-38.071,-1.097,-2.629,-0.00010,-0.00046,-0.00047,0.618,-0.236,-5.140,-76.760,-0.200,-0.131,77.495,0.998978,0.005296,-0.002299,-0.044830,0.783909,-0.620872,-0.000658,-0.001982,0.944952,-0.326263,-0.001567,-0.024811,-0.00088,-0.00096,-0.00086,0.00067,0.00004,-0.00008
13.6853,0,1,82.86,-38.071,-1.098,-2.627,-0.00064,-0.00126,-0.00074,0.619,-0.237,-5.137,-76.761,-0.201,-0.129,77.498,0.998979,0.005307,-0.002307,-0.044804,0.783902,-0.620882,-0.000675,-0.001973,0.944952,-0.326263,-0.001580,-0.024793,-0.00062,-0.00203,-0.00086,-0.00066,-0.00049,-0.00061
13.6988,0,1,13.55,-38.071,-1.098,-2.627,-0.00024,0.00021,-0.00060,0.619,-0.237,-5.138,-76.761,-0.201,-0.129,77.498,0.998979,0.005307,-0.002309,-0.044809,0.783902,-0.620882,-0.000675,-0.001973,0.944952,-0.326263,-0.001581,-0.024795,0.00018,0.00090,-0.00060,-0.00066,-0.00049,-0.00061
13.7843,0,1,85.50,-38.071,-1.098,-2.626,-0.00077,-0.00046,0.00046,0.617,-0.242,-5.136,-76.759,-0.197,-0.130,77.493,0.998979,0.005282,-0.002349,-0.044796,0.783915,-0.620865,-0.000644,-0.001961,0.944952,-0.326265,-0.001587,-0.024782,-0.00114,-0.00069,0.00100,-0.00040,-0.00023,-0.00008
13.8058,0,1,21.48,-38.074,-1.100,-2.627,-0.00170,-0.00006,-0.00154,0.614,-0.242,-5.138,-76.760,-0.200,-0.131,77.492,0.998979,0.005259,-0.002348,-0.044807,0.783905,-0.620877,-0.000658,-0.001978,0.944945,-0.326283,-0.001593,-0.024797,-0.00167,-0.00016,-0.00113,-0.00173,0.00004,-0.00195
13.8987,0,1,92.86,-38.071,-1.101,-2.626,0.00070,0.00048,-0.00047,0.618,-0.242,-5.136,-76.760,-0.202,-0.131,77.495,0.998979,0.005295,-0.002355,-0.044794,0.783909,-0.620872,-0.000671,-0.001986,0.944952,-0.326263,-0.001604,-0.024794,0.00019,0.00011,-0.00007,0.00121,0.00084,-0.00088
13.9090,0,1,10.31,-38.072,-1.099,-2.626,-0.00077,0.00101,0.00126,0.617,-0.242,-5.134,-76.761,-0.200,-0.132,77.495,0.998980,0.005287,-0.002350,-0.044778,0.783904,-0.620878,-0.000657,-0.001986,0.944950,-0.326271,-0.001594,-0.024786,-0.00061,0.00091,0.00153,-0.00093,0.00111,0.00099
14.2081,0,1,299.15,-38.068,-1.104,-2.628,0.00003,-0.00072,0.00020,0.625,-0.251,-5.140,-76.760,-0.199,-0.134,77.502,0.998977,0.005352,-0.002429,-0.044828,0.783909,-0.620872,-0.000636,-0.002000,0.944961,-0.326237,-0.001625,-0.024820,0.00044,-0.00040,0.00074,-0.00039,-0.00104,-0.00034
14.2245,0,1,16.41,-38.069,-1.103,-2.628,-0.00077,0.00048,0.00007,0.624,-0.249,-5.140,-76.760,-0.199,-0.134,77.500,0.998978,0.005339,-0.002416,-0.044824,0.783909,-0.620872,-0.000636,-0.002000,0.944959,-0.326243,-0.001618,-0.024817,-0.00116,0.00200,0.00048,-0.00039,-0.00104,-0.00034
14.7990,0,1,574.48,-38.073,-1.105,-2.635,-0.00104,-0.00005,-0.00099,0.611,-0.249,-5.149,-76.757,-0.202,-0.138,77.485,0.998975,0.005231,-0.002412,-0.044905,0.783924,-0.620853,-0.000636,-0.002037,0.944944,-0.326282,-0.001616,-0.024879,-0.00035,-0.00039,-0.00057,-0.00173,0.00029,-0.00140
14.8225,0,1,23.50,-38.076,-1.106,-2.638,0.00030,-0.00031,0.00049,0.611,-0.253,-5.153,-76.762,-0.200,-0.143,77.490,0.998973,0.005230,-0.002446,-0.044939,0.783899,-0.620885,-0.000593,-0.002056,0.944936,-0.326302,-0.001611,-0.024908,0.00045,-0.00091,0.00077,0.00016,0.00028,0.00020
15.1285,0,1,306.00,-38.071,-1.103,-2.638,0.00003,0.00062,-0.00031,0.616,-0.245,-5.150,-76.757,-0.204,-0.142,77.490,0.998974,0.005276,-0.002378,-0.044912,0.783924,-0.620854,-0.000626,-0.002072,0.944950,-0.326261,-0.001592,-0.024902,0.00070,-0.00118,0.00050,-0.00064,0.00243,-0.00112
15.1339,0,1,5.38,-38.071,-1.104,-2.639,0.00069,0.00049,-0.00125,0.617,-0.246,-5.151,-76.757,-0.204,-0.142,77.491,0.998974,0.005281,-0.002386,-0.044926,0.783924,-0.620854,-0.000626,-0.002072,0.944951,-0.326259,-0.001596,-0.024909,0.00203,-0.00144,-0.00137,-0.00064,0.00243,-0.00112
15.4283,0,1,294.37,-38.074,-1.100,-2.639,-0.00050,-0.00004,-0.00005,0.611,-0.247,-5.151,-76.759,-0.196,-0.146,77.487,0.998974,0.005233,-0.002389,-0.044925,0.783913,-0.620867,-0.000551,-0.002056,0.944940,-0.326290,-0.001558,-0.024900,0.00070,-0.00116,-0.00083,-0.00170,0.00108,0.00073
15.4377,0,1,9.39,-38.074,-1.099,-2.640,-0.00090,0.00129,0.00035,0.612,-0.244,-5.151,-76.759,-0.196,-0.146,77.488,0.998974,0.005237,-0.002370,-0.044925,0.783913,-0.620867,-0.000551,-0.002056,0.944941,-0.326288,-0.001548,-0.024901,-0.00010,0.00151,-0.00003,-0.00170,0.00108,0.00073
15.5231,0,1,85.42,-38.074,-1.096,-2.641,-0.00037,-0.00018,0.00102,0.612,-0.242,-5.153,-76.758,-0.193,-0.146,77.487,0.998973,0.005237,-0.002348,-0.044940,0.783917,-0.620862,-0.000530,-0.002043,0.944942,-0.326285,-0.001525,-0.024901,-0.00091,-0.00170,-0.00030,0.00016,0.00134,0.00233
15.7202,0,1,197.15,-38.074,-1.097,-2.641,0.00043,0.00022,0.00115,0.612,-0.242,-5.153,-76.758,-0.193,-0.146,77.488,0.998973,0.005242,-0.002353,-0.044940,0.783917,-0.620862,-0.000530,-0.002043,0.944943,-0.326283,-0.001528,-0.024901,0.00069,-0.00090,-0.00003,0.00016,0.00134,0.00233
15.7365,0,1,16.22,-38.075,-1.095,-2.639,0.00043,0.00023,-0.00032,0.611,-0.240,-5.151,-76.761,-0.193,-0.145,77.489,0.998974,0.005233,-0.002336,-0.044921,0.783904,-0.620879,-0.000535,-0.002038,0.944939,-0.326297,-0.001522,-0.024888,0.00149,0.00044,-0.00110,-0.00063,0.00001,0.00046
15.8298,0,1,93.35,-38.075,-1.098,-2.638,-0.00104,-0.00044,-0.00045,0.613,-0.244,-5.152,-76.762,-0.193,-0.141,77.493,0.998974,0.005247,-0.002371,-0.044930,0.783895,-0.620890,-0.000557,-0.002015,0.944939,-0.326297,-0.001552,-0.024881,-0.00118,-0.00009,-0.00190,-0.00089,-0.00078,0.00099
15.8336,0,1,3.80,-38.075,-1.098,-2.638,-0.00104,-0.00044,-0.00045,0.613,-0.244,-5.152,-76.762,-0.193,-0.141,77.493,0.998974,0.005247,-0.002371,-0.044930,0.783895,-0.620890,-0.000557,-0.002015,0.944939,-0.326297,-0.001552,-0.024881,-0.00118,-0.00009,-0.00190,-0.00089,-0.00078,0.00099
15.9345,0,1,100.91,-38.072,-1.094,-2.637,0.00029,0.00023,0.00154,0.616,-0.239,-5.152,-76.759,-0.189,-0.139,77.493,0.998973,0.005278,-0.002324,-0.044932,0.783912,-0.620868,-0.000536,-0.001976,0.944949,-0.326269,-0.001516,-0.024862,0.00095,0.00070,0.00104,-0.00036,-0.00025,0.00205
15.9393,0,1,4.76,-38.072,-1.094,-2.637,0.00029,0.00023,0.00154,0.616,-0.239,-5.152,-76.759,-0.189,-0.139,77.493,0.998973,0.005278,-0.002324,-0.044932,0.783912,-0.620868,-0.000536,-0.001976,0.944949,-0.326269,-0.001516,-0.024862,0.00095,0.00070,0.00104,-0.00036,-0.00025,0.00205
16.0541,0,1,114.83,-38.074,-1.094,-2.640,0.00030,0.00089,0.00035,0.614,-0.238,-5.150,-76.761,-0.193,-0.145,77.492,0.998974,0.005260,-0.002317,-0.044915,0.783904,-0.620879,-0.000534,-0.002041,0.944943,-0.326284,-0.001511,-0.024887,0.00068,0.00017,0.00077,-0.00009,0.00161,-0.00007
16.0644,0,1,10.28,-38.075,-1.094,-2.640,-0.00037,0.00062,0.00035,0.615,-0.238,-5.150,-76.763,-0.192,-0.146,77.495,0.998974,0.005266,-0.002316,-0.044918,0.783893,-0.620893,-0.000523,-0.002039,0.944941,-0.326290,-0.001505,-0.024888,0.00095,0.00044,-0.00030,-0.00169,0.00081,0.00099
16.9508,0,1,886.42,-38.070,-1.098,-2.641,0.00043,-0.00098,0.00009,0.603,-0.240,-5.149,-76.742,-0.201,-0.147,77.462,0.998975,0.005163,-0.002332,-0.044909,0.784004,-0.620752,-0.000579,-0.002095,0.944953,-0.326253,-0.001543,-0.024911,0.00097,-0.00251,-0.00084,-0.00011,0.00054,0.00101
16.9747,0,1,23.87,-38.068,-1.100,-2.641,0.00083,0.00023,-0.00018,0.606,-0.242,-5.149,-76.742,-0.202,-0.147,77.465,0.998975,0.005190,-0.002349,-0.044907,0.784004,-0.620752,-0.000585,-0.002098,0.944957,-0.326240,-0.001555,-0.024912,0.00176,0.00071,0.00023,-0.00011,-0.00026,-0.00059
17.0060,0,1,31.28,-38.069,-1.099,-2.641,-0.00024,0.00049,-0.00045,0.607,-0.241,-5.149,-76.743,-0.200,-0.146,77.467,0.998975,0.005195,-0.002341,-0.044908,0.783999,-0.620758,-0.000579,-0.002087,0.944957,-0.326242,-0.001548,-0.024907,-0.00064,0.00098,-0.00004,0.00016,0.00001,-0.00086
17.2692,0,1,263.22,-38.066,-1.099,-2.645,0.00069,0.00089,-0.00017,0.610,-0.233,-5.152,-76.741,-0.207,-0.146,77.468,0.998974,0.005226,-0.002270,-0.044934,0.784011,-0.620743,-0.000625,-0.002125,0.944964,-0.326218,-0.001535,-0.024941,0.00042,0.00096,-0.00030,0.00096,0.00082,-0.00004
17.2858,0,1,16.61,-38.065,-1.098,-2.645,0.00096,0.00102,-0.00017,0.611,-0.231,-5.152,-76.741,-0.207,-0.146,77.469,0.998974,0.005235,-0.002257,-0.044937,0.784011,-0.620743,-0.000625,-0.002125,0.944966,-0.326213,-0.001527,-0.024942,0.00095,0.00123,-0.00030,0.00096,0.00082,-0.00004
17.6750,0,1,389.16,-38.070,-1.090,-2.649,-0.00024,0.00141,-0.00138,0.598,-0.229,-5.156,-76.737,-0.195,-0.153,77.453,0.998973,0.005127,-0.002229,-0.044969,0.784031,-0.620718,-0.000505,-0.002104,0.944953,-0.326250,-0.001449,-0.024948,-0.00196,0.00043,-0.00109,0.00148,0.00240,-0.00167
17.6792,0,1,4.19,-38.074,-1.089,-2.651,0.00057,0.00168,-0.00017,0.590,-0.227,-5.160,-76.737,-0.195,-0.153,77.445,0.998972,0.005050,-0.002209,-0.045002,0.784031,-0.620718,-0.000505,-0.002104,0.944940,-0.326286,-0.001438,-0.024965,-0.00033,0.00096,0.00132,0.00148,0.00240,-0.00167
17.7770,0,1,97.80,-38.071,-1.089,-2.653,-0.00050,-0.00073,0.00130,0.590,-0.225,-5.164,-76.731,-0.195,-0.153,77.440,0.998970,0.005056,-0.002197,-0.045039,0.784064,-0.620676,-0.000505,-0.002107,0.944949,-0.326259,-0.001432,-0.024986,-0.00113,-0.00038,0.00106,0.00013,-0.00108,0.00154
17.7831,0,1,6.11,-38.070,-1.089,-2.653,0.00016,-0.00060,0.00050,0.590,-0.225,-5.164,-76.730,-0.195,-0.153,77.438,0.998970,0.005056,-0.002197,-0.045039,0.784071,-0.620667,-0.000511,-0.002102,0.944951,-0.326253,-0.001435,-0.024983,-0.00113,-0.00038,0.00106,0.00146,-0.00081,-0.00006
17.8980,0,1,114.92,-38.073,-1.094,-2.652,-0.00183,-0.00072,-0.00017,0.594,-0.233,-5.164,-76.738,-0.196,-0.152,77.450,0.998970,0.005086,-0.002261,-0.045037,0.784025,-0.620726,-0.000520,-0.002102,0.944944,-0.326274,-0.001474,-0.024983,-0.00061,-0.00037,-0.00081,-0.00306,-0.00107,0.00047
17.9020,0,1,4.01,-38.073,-1.093,-2.650,-0.00103,-0.00085,0.00063,0.593,-0.232,-5.164,-76.738,-0.196,-0.150,77.449,0.998970,0.005076,-0.002254,-0.045034,0.784025,-0.620725,-0.000529,-0.002084,0.944943,-0.326279,-0.001475,-0.024971,-0.00220,0.00017,0.00026,0.00014,-0.00187,0.00101
18.2041,0,1,302.10,-38.074,-1.092,-2.655,0.00017,-0.00179,0.00090,0.597,-0.234,-5.173,-76.744,-0.188,-0.154,77.460,0.998966,0.005109,-0.002278,-0.045118,0.783991,-0.620768,-0.000454,-0.002073,0.944938,-0.326289,-0.001448,-0.025010,0.00020,-0.00277,0.00055,0.00015,-0.00081,0.00126
18.2082,0,1,4.13,-38.075,-1.092,-2.655,-0.00023,-0.00046,0.00090,0.596,-0.234,-5.173,-76.744,-0.188,-0.154,77.459,0.998966,0.005101,-0.002279,-0.045113,0.783991,-0.620768,-0.000454,-0.002073,0.944937,-0.326293,-0.001448,-0.025008,-0.00060,-0.00010,0.00055,0.00015,-0.00081,0.00126
18.5018,0,1,293.58,-38.077,-1.092,-2.658,-0.00049,-0.00099,-0.00029,0.597,-0.229,-5.176,-76.749,-0.191,-0.153,77.465,0.998965,0.005113,-0.002233,-0.045142,0.783967,-0.620799,-0.000481,-0.002083,0.944932,-0.326306,-0.001438,-0.025028,-0.00168,-0.00171,-0.00131,0.00069,-0.00027,0.00073
18.5075,0,1,5.75,-38.077,-1.092,-2.658,-0.00049,-0.00099,-0.00029,0.597,-0.229,-5.176,-76.749,-0.191,-0.153,77.465,0.998965,0.005113,-0.002233,-0.045142,0.783967,-0.620799,-0.000481,-0.002083,0.944932,-0.326306,-0.001438,-0.025028,-0.00168,-0.00171,-0.00131,0.00069,-0.00027,0.00073
18.8179,0,1,310.35,-38.075,-1.093,-2.663,0.00004,0.00008,-0.00108,0.593,-0.230,-5.183,-76.743,-0.193,-0.157,77.456,0.998962,0.005083,-0.002237,-0.045202,0.783998,-0.620760,-0.000475,-0.002119,0.944934,-0.326297,-0.001437,-0.025079,-0.00060,0.00098,-0.00077,0.00068,-0.00082,-0.00140
18.8217,0,1,3.77,-38.075,-1.093,-2.663,0.00057,-0.00019,0.00025,0.595,-0.229,-5.183,-76.744,-0.193,-0.155,77.458,0.998962,0.005099,-0.002232,-0.045204,0.783996,-0.620763,-0.000477,-0.002108,0.944936,-0.326291,-0.001435,-0.025075,0.00153,0.00044,-0.00023,-0.00039,-0.00081,0.00074
19.4070,0,1,585.37,-38.081,-1.094,-2.666,-0.00101,-0.00125,-0.00134,0.588,-0.223,-5.185,-76.750,-0.201,-0.155,77.457,0.998962,0.005038,-0.002175,-0.045221,0.783961,-0.620807,-0.000531,-0.002151,0.944916,-0.326346,-0.001434,-0.025106,-0.00112,-0.00116,-0.00129,-0.00091,-0.00134,-0.00139
19.4760,0,1,68.93,-38.083,-1.089,-2.667,-0.00074,0.00021,-0.00001,0.589,-0.221,-5.178,-76.754,-0.197,-0.164,77.462,0.998965,0.005047,-0.002163,-0.045160,0.783937,-0.620836,-0.000456,-0.002188,0.944912,-0.326359,-0.001388,-0.025094,0.00022,0.00071,-0.00051,-0.00170,-0.00030,0.00048
19.4890,0,1,12.99,-38.080,-1.090,-2.663,0.00033,-0.00179,0.00065,0.591,-0.222,-5.175,-76.751,-0.198,-0.159,77.461,0.998966,0.005067,-0.002170,-0.045135,0.783953,-0.620816,-0.000494,-0.002165,0.944920,-0.326338,-0.001412,-0.025068,-0.00004,-0.00143,0.00189,0.00070,-0.00215,-0.00058
19.5611,0,1,72.15,-38.077,-1.092,-2.663,0.00032,-0.00032,-0.00069,0.596,-0.229,-5.174,-76.749,-0.197,-0.163,77.462,0.998966,0.005102,-0.002229,-0.045127,0.783969,-0.620796,-0.000463,-0.002181,0.944930,-0.326309,-0.001427,-0.025072,0.00048,-0.00168,-0.00025,0.00016,0.00104,-0.00112
19.5921,0,1,30.95,-38.077,-1.092,-2.662,0.00059,-0.00032,0.00012,0.596,-0.230,-5.175,-76.748,-0.195,-0.161,77.462,0.998965,0.005103,-0.002237,-0.045137,0.783972,-0.620793,-0.000463,-0.002163,0.944930,-0.326307,-0.001431,-0.025068,0.00075,-0.00088,-0.00105,0.00043,0.00024,0.00128
19.7382,0,1,146.17,-38.076,-1.092,-2.660,0.00032,0.00035,-0.00029,0.596,-0.229,-5.173,-76.748,-0.195,-0.159,77.462,0.998966,0.005110,-0.002228,-0.045120,0.783975,-0.620789,-0.000477,-0.002143,0.944933,-0.326301,-0.001433,-0.025049,0.00209,0.00126,0.00028,-0.00144,-0.00055,-0.00086
19.7446,0,1,6.38,-38.076,-1.092,-2.662,-0.00035,0.00142,-0.00122,0.598,-0.227,-5.175,-76.750,-0.197,-0.161,77.467,0.998965,0.005124,-0.002211,-0.045131,0.783961,-0.620806,-0.000476,-0.002164,0.944931,-0.326304,-0.001424,-0.025066,0.00102,0.00152,-0.00105,-0.00171,0.00132,-0.00139
19.9238,0,1,179.20,-38.078,-1.092,-2.663,0.00019,0.00089,-0.00082,0.599,-0.229,-5.174,-76.754,-0.197,-0.164,77.470,0.998966,0.005128,-0.002231,-0.045123,0.783941,-0.620831,-0.000463,-0.002190,0.944926,-0.326318,-0.001428,-0.025075,0.00102,0.00046,-0.00079,-0.00063,0.00131,-0.00085
19.9331,0,1,9.25,-38.081,-1.092,-2.664,-0.00087,-0.00072,0.00025,0.596,-0.227,-5.174,-76.757,-0.198,-0.164,77.470,0.998966,0.005103,-0.002213,-0.045124,0.783925,-0.620852,-0.000468,-0.002196,0.944918,-0.326342,-0.001421,-0.025079,-0.00139,-0.00221,0.00135,-0.00036,0.00078,-0.00085
20.0381,0,1,105.04,-38.080,-1.093,-2.667,-0.00061,0.00115,-0.00188,0.594,-0.226,-5.175,-76.753,-0.202,-0.166,77.466,0.998965,0.005092,-0.002207,-0.045137,0.783942,-0.620830,-0.000483,-0.002235,0.944920,-0.326334,-0.001426,-0.025106,-0.00085,0.00046,-0.00078,-0.00036,0.00184,-0.00297
20.0497,0,1,11.56,-38.079,-1.094,-2.667,0.00086,-0.00005,-0.00107,0.595,-0.227,-5.176,-76.753,-0.204,-0.167,77.465,0.998965,0.005095,-0.002210,-0.045145,0.783947,-0.620823,-0.000490,-0.002244,0.944922,-0.326329,-0.001431,-0.025115,0.00075,-0.00008,-0.00078,0.00097,-0.00003,-0.00137
20.6352,0,1,585.53,-38.074,-1.090,-2.669,0.00112,0.00115,-0.00080,0.607,-0.219,-5.178,-76.756,-0.202,-0.167,77.481,0.998964,0.005207,-0.002152,-0.045157,0.783931,-0.620844,-0.000475,-0.002236,0.944936,-0.326288,-0.001392,-0.025118,0.00153,-0.00008,-0.00104,0.00071,0.00237,-0.00057
20.6504,0,1,15.16,-38.078,-1.083,-2.672,0.00032,-0.00019,-0.00000,0.596,-0.208,-5.186,-76.752,-0.195,-0.162,77.468,0.998961,0.005113,-0.002050,-0.045230,0.783948,-0.620822,-0.000456,-0.002168,0.944925,-0.326320,-0.001328,-0.025120,0.00073,0.00098,-0.00076,-0.00010,-0.00136,0.00076
21.2508,0,1,600.41,-38.083,-1.082,-2.677,0.00046,0.00048,-0.00066,0.591,-0.205,-5.190,-76.757,-0.196,-0.166,77.468,0.998960,0.005072,-0.002017,-0.045265,0.783925,-0.620852,-0.000441,-0.002202,0.944911,-0.326357,-0.001303,-0.025157,0.00181,0.00125,0.00032,-0.00089,-0.00030,-0.00164
21.2754,0,1,24.63,-38.087,-1.093,-2.676,0.00033,-0.00204,-0.00078,0.583,-0.217,-5.201,-76.756,-0.199,-0.158,77.460,0.998956,0.005001,-0.002122,-0.045359,0.783926,-0.620850,-0.000503,-0.002159,0.944899,-0.326390,-0.001391,-0.025184,0.00156,-0.00220,-0.00073,-0.00089,-0.00188,-0.00084
21.6636,0,1,388.23,-38.084,-1.094,-2.672,0.00086,-0.00189,-0.00025,0.585,-0.227,-5.202,-76.751,-0.191,-0.155,77.456,0.998955,0.005009,-0.002206,-0.045370,0.783956,-0.620813,-0.000470,-0.002099,0.944908,-0.326364,-0.001418,-0.025158,0.00049,-0.00084,0.00035,0.00123,-0.00294,-0.00085
21.6756,0,1,11.93,-38.080,-1.097,-2.673,-0.00061,-0.00122,-0.00092,0.589,-0.232,-5.203,-76.748,-0.191,-0.156,77.457,0.998954,0.005041,-0.002258,-0.045381,0.783972,-0.620793,-0.000458,-0.002103,0.944917,-0.326337,-0.001439,-0.025165,-0.00138,-0.00163,-0.00099,0.00016,-0.00081,-0.00085
21.7690,0,1,93.40,-38.079,-1.097,-2.671,0.00046,-0.00202,0.00015,0.590,-0.232,-5.202,-76.747,-0.190,-0.154,77.457,0.998955,0.005052,-0.002253,-0.045372,0.783979,-0.620784,-0.000466,-0.002082,0.944921,-0.326326,-0.001441,-0.025150,0.00129,-0.00296,0.00008,-0.00038,-0.00107,0.00021
21.8642,0,1,95.20,-38.080,-1.095,-2.669,-0.00088,-0.00028,0.00161,0.588,-0.231,-5.201,-76.746,-0.187,-0.152,77.454,0.998955,0.005031,-0.002251,-0.045364,0.783981,-0.620781,-0.000457,-0.002057,0.944919,-0.326334,-0.001435,-0.025132,-0.00218,0.00024,0.00088,0.00042,-0.00080,0.00235
21.8790,0,1,14.85,-38.075,-1.092,-2.670,0.00005,0.00131,0.00028,0.594,-0.225,-5.198,-76.742,-0.190,-0.155,77.456,0.998957,0.005086,-0.002199,-0.045330,0.784004,-0.620752,-0.000461,-0.002092,0.944934,-0.326291,-0.001410,-0.025133,0.00075,0.00210,-0.00020,-0.00065,0.00053,0.00075
22.1896,0,1,310.60,-38.076,-1.090,-2.671,-0.00009,0.00052,0.00068,0.594,-0.217,-5.195,-76.746,-0.194,-0.154,77.460,0.998958,0.005093,-0.002130,-0.045312,0.783984,-0.620777,-0.000493,-0.002110,0.944930,-0.326303,-0.001390,-0.025133,-0.00113,0.00103,0.00167,0.00095,-0.00000,-0.00031
22.2006,0,1,11.03,-38.076,-1.089,-2.671,0.00045,0.00118,-0.00012,0.595,-0.215,-5.195,-76.746,-0.194,-0.154,77.462,0.998958,0.005104,-0.002113,-0.045311,0.783984,-0.620777,-0.000493,-0.002110,0.944932,-0.326297,-0.001381,-0.025132,-0.00006,0.00236,0.00006,0.00095,-0.00000,-0.00031
22.7863,0,1,585.61,-38.075,-1.087,-2.666,-0.00196,-0.00002,0.00013,0.593,-0.219,-5.189,-76.743,-0.189,-0.152,77.457,0.998960,0.005086,-0.002140,-0.045257,0.783998,-0.620760,-0.000468,-0.002066,0.944934,-0.326295,-0.001382,-0.025080,-0.00219,0.00103,0.00139,-0.00172,-0.00107,-0.00112
23.5059,0,1,719.64,-38.083,-1.085,-2.667,-0.00074,-0.00096,-0.00053,0.589,-0.210,-5.195,-76.754,-0.188,-0.146,77.464,0.998958,0.005051,-0.002060,-0.045309,0.783941,-0.620832,-0.000493,-0.002014,0.944913,-0.326356,-0.001353,-0.025081,-0.00218,-0.00086,-0.00154,0.00070,-0.00106,0.00048
23.6142,0,1,108.28,-38.084,-1.089,-2.670,0.00060,-0.00081,-0.00119,0.589,-0.215,-5.202,-76.757,-0.189,-0.147,77.466,0.998955,0.005045,-0.002108,-0.045372,0.783926,-0.620851,-0.000495,-0.002030,0.944907,-0.326370,-0.001380,-0.025122,0.00076,-0.00083,-0.00152,0.00044,-0.00079,-0.00085
23.6216,0,1,7.40,-38.085,-1.088,-2.669,0.00033,-0.00041,0.00014,0.588,-0.214,-5.202,-76.757,-0.188,-0.146,77.466,0.998955,0.005040,-0.002101,-0.045369,0.783926,-0.620851,-0.000497,-0.002015,0.944907,-0.326372,-0.001377,-0.025113,0.00075,0.00024,-0.00099,-0.00010,-0.00106,0.00128
23.7345,0,1,112.97,-38.082,-1.089,-2.674,0.00059,0.00039,-0.00105,0.590,-0.208,-5.207,-76.752,-0.193,-0.145,77.464,0.998953,0.005058,-0.002048,-0.045414,0.783949,-0.620822,-0.000533,-0.002040,0.944915,-0.326347,-0.001368,-0.025150,0.00048,0.00049,-0.00018,0.00070,0.00028,-0.00192
24.0147,0,1,280.13,-38.081,-1.089,-2.674,0.00006,0.00012,-0.00078,0.588,-0.209,-5.208,-76.750,-0.194,-0.146,77.461,0.998953,0.005046,-0.002051,-0.045424,0.783959,-0.620809,-0.000535,-0.002047,0.944915,-0.326345,-0.001371,-0.025159,-0.00112,-0.00004,-0.00098,0.00123,0.00028,-0.00058
24.6296,0,1,614.94,-38.083,-1.092,-2.676,-0.00034,-0.00002,-0.00010,0.586,-0.209,-5.208,-76.753,-0.200,-0.148,77.460,0.998953,0.005025,-0.002056,-0.045423,0.783947,-0.620824,-0.000567,-0.002092,0.944908,-0.326363,-0.001390,-0.025182,-0.00111,-0.00032,-0.00124,0.00044,0.00028,0.00104
24.6462,0,1,16.58,-38.084,-1.098,-2.681,0.00007,0.00024,-0.00009,0.580,-0.210,-5.208,-76.747,-0.212,-0.154,77.448,0.998953,0.004970,-0.002064,-0.045421,0.783975,-0.620788,-0.000614,-0.002205,0.944905,-0.326367,-0.001420,-0.025240,-0.00109,-0.00006,-0.00044,0.00123,0.00054,0.00027
25.4897,0,1,843.53,-38.087,-1.100,-2.675,-0.00046,0.00025,0.00058,0.575,-0.212,-5.206,-76.749,-0.212,-0.144,77.445,0.998954,0.004928,-0.002075,-0.045408,0.783964,-0.620802,-0.000667,-0.002135,0.944896,-0.326396,-0.001453,-0.025197,-0.00028,0.00073,0.00062,-0.00064,-0.00024,0.00054
25.6632,0,1,173.50,-38.086,-1.101,-2.673,-0.00085,-0.00055,-0.00022,0.583,-0.218,-5.209,-76.754,-0.206,-0.140,77.458,0.998953,0.004994,-0.002128,-0.045433,0.783940,-0.620833,-0.000655,-0.002075,0.944901,-0.326384,-0.001475,-0.025178,-0.00001,0.00020,0.00010,-0.00168,-0.00130,-0.00054
25.7556,0,1,92.35,-38.086,-1.103,-2.673,-0.00017,-0.00042,0.00032,0.583,-0.220,-5.212,-76.754,-0.207,-0.139,77.459,0.998951,0.004994,-0.002147,-0.045458,0.783937,-0.620836,-0.000659,-0.002072,0.944900,-0.326386,-0.001487,-0.025190,0.00026,-0.00034,0.00064,-0.00061,-0.00049,-0.00000
25.7675,0,1,11.89,-38.086,-1.105,-2.672,-0.00004,-0.00041,0.00005,0.586,-0.227,-5.211,-76.759,-0.204,-0.140,77.466,0.998952,0.005020,-0.002210,-0.045451,0.783915,-0.620864,-0.000633,-0.002062,0.944898,-0.326390,-0.001507,-0.025181,-0.00054,-0.00166,-0.00124,0.00047,0.00084,0.00133
26.1655,0,1,397.99,-38.086,-1.102,-2.668,0.00037,0.00013,-0.00010,0.587,-0.227,-5.207,-76.759,-0.198,-0.138,77.467,0.998953,0.005028,-0.002210,-0.045411,0.783914,-0.620865,-0.000605,-0.002019,0.944901,-0.326387,-0.001492,-0.025138,0.00026,-0.00005,-0.00044,0.00047,0.00030,0.00025
26.1909,0,1,25.40,-38.083,-1.097,-2.671,-0.00070,0.00185,-0.00090,0.592,-0.218,-5.209,-76.757,-0.198,-0.140,77.470,0.998952,0.005072,-0.002134,-0.045429,0.783922,-0.620855,-0.000596,-0.002035,0.944910,-0.326360,-0.001447,-0.025155,0.00026,0.00207,-0.00097,-0.00167,0.00164,-0.00082
26.4895,0,1,298.65,-38.082,-1.103,-2.668,-0.00057,0.00053,0.00044,0.583,-0.222,-5.206,-76.746,-0.204,-0.136,77.450,0.998954,0.004990,-0.002169,-0.045404,0.783981,-0.620781,-0.000661,-0.002033,0.944912,-0.326354,-0.001500,-0.025140,0.00001,0.00048,0.00116,-0.00115,0.00058,-0.00027
26.5000,0,1,10.49,-38.082,-1.102,-2.667,-0.00057,0.00080,0.00057,0.583,-0.222,-5.204,-76.746,-0.204,-0.136,77.451,0.998955,0.004996,-0.002165,-0.045390,0.783981,-0.620781,-0.000661,-0.002033,0.944913,-0.326351,-0.001498,-0.025133,0.00001,0.00101,0.00142,-0.00115,0.00058,-0.00027
27.0871,0,1,587.09,-38.081,-1.106,-2.664,-0.00017,0.00080,-0.00009,0.590,-0.220,-5.203,-76.752,-0.211,-0.129,77.463,0.998955,0.005059,-0.002155,-0.045383,0.783953,-0.620817,-0.000749,-0.002024,0.944916,-0.326343,-0.001539,-0.025125,0.00027,0.00074,-0.00072,-0.00060,0.00087,0.00054
27.1293,0,1,42.23,-38.084,-1.098,-2.656,0.00038,-0.00080,0.00095,0.595,-0.219,-5.193,-76.763,-0.198,-0.127,77.480,0.998959,0.005102,-0.002147,-0.045291,0.783891,-0.620895,-0.000668,-0.001941,0.944909,-0.326370,-0.001492,-0.025033,0.00053,-0.00087,0.00086,0.00023,-0.00074,0.00105
27.4216,0,1,292.32,-38.083,-1.098,-2.651,-0.00055,-0.00053,-0.00026,0.602,-0.222,-5.188,-76.768,-0.197,-0.123,77.491,0.998960,0.005157,-0.002169,-0.045246,0.783864,-0.620929,-0.000682,-0.001904,0.944912,-0.326364,-0.001511,-0.024990,0.00105,0.00020,0.00112,-0.00216,-0.00126,-0.00163
27.4323,0,1,10.65,-38.084,-1.098,-2.651,-0.00015,-0.00013,0.00028,0.600,-0.222,-5.187,-76.767,-0.197,-0.123,77.488,0.998961,0.005141,-0.002175,-0.045240,0.783871,-0.620921,-0.000679,-0.001909,0.944912,-0.326367,-0.001513,-0.024989,-0.00108,-0.00086,0.00058,0.00078,0.00060,-0.00003
27.7156,0,1,283.32,-38.082,-1.097,-2.651,0.00065,-0.00053,0.00107,0.601,-0.226,-5.188,-76.763,-0.190,-0.126,77.485,0.998960,0.005147,-0.002209,-0.045251,0.783890,-0.620896,-0.000622,-0.001891,0.944918,-0.326350,-0.001501,-0.024985,0.00159,-0.00139,0.00005,-0.00029,0.00033,0.00210
27.7284,0,1,12.81,-38.082,-1.095,-2.654,-0.00122,0.00053,0.00014,0.601,-0.224,-5.188,-76.763,-0.192,-0.131,77.484,0.998960,0.005147,-0.002191,-0.045246,0.783892,-0.620894,-0.000599,-0.001938,0.944918,-0.326348,-0.001478,-0.025008,-0.00189,0.00047,-0.00075,-0.00056,0.00058,0.00103
28.3294,0,1,600.97,-38.078,-1.092,-2.653,-0.00002,-0.00041,0.00040,0.609,-0.226,-5.193,-76.764,-0.181,-0.129,77.494,0.998958,0.005216,-0.002207,-0.045289,0.783887,-0.620900,-0.000534,-0.001864,0.944928,-0.326320,-0.001453,-0.024991,0.00050,-0.00086,0.00113,-0.00055,0.00005,-0.00033
28.3334,0,1,3.97,-38.078,-1.092,-2.653,0.00025,-0.00001,0.00039,0.615,-0.231,-5.193,-76.769,-0.176,-0.132,77.506,0.998957,0.005272,-0.002261,-0.045292,0.783856,-0.620939,-0.000487,-0.001854,0.944929,-0.326317,-0.001457,-0.024988,0.00182,-0.00085,0.00086,-0.00133,0.00084,-0.00008
29.2377,0,1,904.33,-38.076,-1.090,-2.653,-0.00068,0.00079,0.00132,0.621,-0.227,-5.194,-76.772,-0.175,-0.131,77.515,0.998957,0.005322,-0.002223,-0.045301,0.783841,-0.620959,-0.000489,-0.001845,0.944933,-0.326305,-0.001437,-0.024989,0.00021,0.00100,0.00193,-0.00158,0.00057,0.00071
29.8636,0,1,625.95,-38.073,-1.100,-2.660,-0.00002,-0.00081,-0.00026,0.618,-0.233,-5.202,-76.763,-0.188,-0.134,77.503,0.998954,0.005298,-0.002274,-0.045365,0.783891,-0.620896,-0.000559,-0.001930,0.944940,-0.326278,-0.001501,-0.025067,-0.00088,-0.00220,-0.00152,0.00083,0.00057,0.00100
30.1705,0,1,306.90,-38.067,-1.102,-2.667,0.00010,0.00091,0.00028,0.622,-0.240,-5.207,-76.755,-0.187,-0.146,77.497,0.998951,0.005324,-0.002341,-0.045411,0.783934,-0.620841,-0.000487,-0.002015,0.944954,-0.326233,-0.001499,-0.025137,0.00072,0.00075,0.00089,-0.00052,0.00108,-0.00034
30.4661,0,1,295.55,-38.065,-1.106,-2.665,-0.00016,0.00131,0.00014,0.629,-0.245,-5.207,-76.757,-0.189,-0.142,77.506,0.998951,0.005384,-0.002388,-0.045414,0.783923,-0.620855,-0.000523,-0.001993,0.944961,-0.326213,-0.001542,-0.025127,-0.00115,0.00154,0.00063,0.00083,0.00109,-0.00034
31.0977,0,1,631.61,-38.064,-1.111,-2.665,0.00064,-0.00015,-0.00012,0.625,-0.250,-5.211,-76.751,-0.192,-0.141,77.496,0.998950,0.005350,-0.002425,-0.045443,0.783959,-0.620810,-0.000551,-0.002002,0.944964,-0.326202,-0.001577,-0.025146,0.00153,-0.00059,-0.00070,-0.00025,0.00029,0.00046
32.0135,0,1,915.78,-38.059,-1.111,-2.666,0.00051,0.00038,0.00081,0.625,-0.253,-5.224,-76.742,-0.183,-0.133,77.488,0.998945,0.005344,-0.002454,-0.045555,0.784007,-0.620749,-0.000529,-0.001901,0.944976,-0.326168,-0.001581,-0.025152,0.00021,0.00073,0.00013,0.00080,0.00003,0.00149
32.0279,0,1,14.45,-38.068,-1.110,-2.666,-0.00055,-0.00016,-0.00066,0.608,-0.250,-5.221,-76.743,-0.184,-0.134,77.472,0.998946,0.005201,-0.002421,-0.045532,0.784002,-0.620755,-0.000536,-0.001914,0.944951,-0.326239,-0.001567,-0.025146,-0.00031,-0.00060,-0.00015,-0.00080,0.00029,-0.00118
32.9389,0,1,910.94,-38.065,-1.099,-2.662,-0.00016,0.00251,0.00025,0.606,-0.245,-5.208,-76.734,-0.176,-0.140,77.461,0.998952,0.005182,-0.002374,-0.045424,0.784047,-0.620699,-0.000441,-0.001911,0.944962,-0.326214,-0.001492,-0.025087,0.00076,0.00180,0.00063,-0.00109,0.00321,-0.00013
33.4915,0,1,552.62,-38.069,-1.098,-2.672,0.00092,0.00090,-0.00028,0.598,-0.237,-5.218,-76.734,-0.178,-0.146,77.454,0.998948,0.005117,-0.002307,-0.045511,0.784046,-0.620699,-0.000432,-0.001962,0.944949,-0.326246,-0.001452,-0.025159,0.00132,0.00260,-0.00068,0.00051,-0.00081,0.00013
33.5485,0,1,56.97,-38.064,-1.115,-2.675,-0.00016,-0.00001,-0.00026,0.601,-0.252,-5.218,-76.728,-0.200,-0.150,77.449,0.998948,0.005141,-0.002438,-0.045509,0.784079,-0.620657,-0.000554,-0.002112,0.944960,-0.326208,-0.001585,-0.025238,-0.00135,-0.00056,-0.00069,0.00103,0.00053,0.00017
33.5629,0,1,14.39,-38.064,-1.114,-2.675,0.00064,0.00065,0.00041,0.602,-0.251,-5.218,-76.728,-0.200,-0.150,77.450,0.998948,0.005145,-0.002425,-0.045507,0.784079,-0.620657,-0.000554,-0.002112,0.944960,-0.326206,-0.001578,-0.025236,0.00025,0.00078,0.00065,0.00103,0.00053,0.00017
33.7479,0,1,185.08,-38.061,-1.114,-2.674,0.00037,-0.00001,0.00120,0.607,-0.257,-5.217,-76.727,-0.194,-0.153,77.455,0.998948,0.005193,-0.002479,-0.045496,0.784084,-0.620651,-0.000501,-0.002095,0.944970,-0.326180,-0.001579,-0.025222,0.00077,0.00026,0.00118,-0.00004,-0.00028,0.00123
33.7584,0,1,10.44,-38.059,-1.109,-2.677,0.00130,-0.00002,0.00120,0.609,-0.250,-5.214,-76.726,-0.194,-0.159,77.454,0.998949,0.005207,-0.002420,-0.045476,0.784093,-0.620639,-0.000468,-0.002136,0.944974,-0.326166,-0.001531,-0.025234,0.00104,-0.00002,0.00251,0.00156,-0.00003,-0.00011
33.8608,0,1,102.46,-38.061,-1.111,-2.677,-0.00084,0.00052,-0.00026,0.608,-0.251,-5.217,-76.727,-0.196,-0.157,77.455,0.998948,0.005197,-0.002429,-0.045495,0.784084,-0.620651,-0.000491,-0.002136,0.944970,-0.326178,-0.001548,-0.025243,-0.00056,0.00025,0.00011,-0.00111,0.00078,-0.00064
33.8699,0,1,9.04,-38.060,-1.110,-2.677,-0.00017,0.00065,0.00054,0.608,-0.251,-5.217,-76.727,-0.195,-0.158,77.454,0.998948,0.005197,-0.002429,-0.045495,0.784086,-0.620649,-0.000477,-0.002135,0.944971,-0.326176,-0.001540,-0.025243,-0.00056,0.00025,0.00011,0.00022,0.00104,0.00096
34.4742,0,1,604.30,-38.064,-1.102,-2.680,-0.00003,-0.00003,0.00066,0.604,-0.241,-5.216,-76.732,-0.191,-0.161,77.456,0.998949,0.005169,-0.002337,-0.045489,0.784061,-0.620680,-0.000433,-0.002133,0.944960,-0.326208,-0.001468,-0.025239,-0.00002,-0.00057,0.00091,-0.00003,0.00050,0.00042
34.7775,0,1,303.37,-38.066,-1.105,-2.683,-0.00015,0.00130,-0.00107,0.597,-0.243,-5.216,-76.728,-0.196,-0.167,77.445,0.998949,0.005108,-0.002358,-0.045490,0.784078,-0.620659,-0.000435,-0.002201,0.944953,-0.326224,-0.001480,-0.025275,-0.00053,0.00264,-0.00122,0.00023,-0.00005,-0.00091
35.3912,0,1,613.66,-38.064,-1.113,-2.681,-0.00095,0.00051,-0.00079,0.599,-0.252,-5.220,-76.724,-0.198,-0.161,77.443,0.998947,0.005118,-0.002437,-0.045522,0.784100,-0.620631,-0.000484,-0.002174,0.944960,-0.326203,-0.001548,-0.025278,-0.00266,0.00025,-0.00175,0.00075,0.00077,0.00016
35.3952,0,1,3.96,-38.063,-1.111,-2.682,0.00038,-0.00082,0.00054,0.600,-0.247,-5.228,-76.725,-0.194,-0.154,77.446,0.998944,0.005134,-0.002396,-0.045595,0.784099,-0.620632,-0.000491,-0.002108,0.944963,-0.326197,-0.001530,-0.025281,0.00109,-0.00028,-0.00013,-0.00033,-0.00136,0.00121
35.4921,0,1,96.94,-38.065,-1.111,-2.680,-0.00055,0.00026,0.00054,0.599,-0.244,-5.226,-76.727,-0.198,-0.150,77.446,0.998945,0.005123,-0.002368,-0.045577,0.784088,-0.620646,-0.000539,-0.002098,0.944958,-0.326210,-0.001540,-0.025267,-0.00051,-0.00001,0.00013,-0.00059,0.00052,0.00095
35.6888,0,1,196.73,-38.065,-1.112,-2.679,-0.00002,-0.00134,-0.00026,0.599,-0.245,-5.226,-76.727,-0.198,-0.148,77.446,0.998945,0.005121,-0.002371,-0.045581,0.784086,-0.620648,-0.000556,-0.002086,0.944958,-0.326213,-0.001551,-0.025262,0.00029,-0.00054,-0.00040,-0.00032,-0.00214,-0.00012
35.7104,0,1,21.60,-38.070,-1.113,-2.681,-0.00147,-0.00041,-0.00039,0.600,-0.243,-5.225,-76.737,-0.203,-0.152,77.457,0.998945,0.005130,-0.002355,-0.045567,0.784029,-0.620721,-0.000568,-0.002141,0.944943,-0.326252,-0.001549,-0.025285,-0.00158,-0.00081,0.00040,-0.00137,-0.00001,-0.00117
35.7998,0,1,89.40,-38.068,-1.111,-2.681,0.00106,-0.00041,0.00134,0.603,-0.244,-5.226,-76.739,-0.197,-0.152,77.463,0.998945,0.005161,-0.002369,-0.045580,0.784022,-0.620730,-0.000525,-0.002103,0.944947,-0.326243,-0.001534,-0.025271,0.00162,-0.00054,-0.00013,0.00050,-0.00028,0.00282
35.8056,0,1,5.78,-38.068,-1.111,-2.680,0.00159,-0.00067,-0.00012,0.603,-0.244,-5.226,-76.737,-0.197,-0.151,77.461,0.998945,0.005161,-0.002369,-0.045580,0.784031,-0.620718,-0.000531,-0.002098,0.944949,-0.326236,-0.001537,-0.025268,0.00162,-0.00054,-0.00013,0.00156,-0.00081,-0.00012
35.9011,0,1,95.48,-38.070,-1.109,-2.681,-0.00001,-0.00041,0.00001,0.602,-0.243,-5.227,-76.740,-0.195,-0.152,77.463,0.998944,0.005152,-0.002355,-0.045586,0.784015,-0.620738,-0.000509,-0.002095,0.944944,-0.326252,-0.001518,-0.025270,-0.00025,-0.00001,0.00040,0.00023,-0.00082,-0.00039
35.9061,0,1,4.98,-38.071,-1.110,-2.681,-0.00094,-0.00041,0.00001,0.602,-0.243,-5.227,-76.742,-0.195,-0.151,77.465,0.998944,0.005152,-0.002355,-0.045586,0.784004,-0.620752,-0.000518,-0.002093,0.944941,-0.326260,-0.001523,-0.025269,-0.00025,-0.00001,0.00040,-0.00163,-0.00081,-0.00039
36.6103,0,1,704.27,-38.072,-1.116,-2.679,-0.00041,-0.00053,-0.00038,0.597,-0.241,-5.229,-76.739,-0.206,-0.142,77.457,0.998944,0.005104,-0.002337,-0.045600,0.784020,-0.620732,-0.000637,-0.002087,0.944937,-0.326271,-0.001576,-0.025273,-0.00131,-0.00054,-0.00093,0.00050,-0.00052,0.00017
36.9176,0,1,307.22,-38.075,-1.115,-2.679,-0.00027,0.00001,-0.00012,0.597,-0.241,-5.227,-76.745,-0.205,-0.143,77.463,0.998945,0.005105,-0.002336,-0.045587,0.783988,-0.620773,-0.000631,-0.002089,0.944929,-0.326295,-0.001572,-0.025268,0.00003,-0.00025,0.00040,-0.00056,0.00028,-0.00064
37.2248,0,1,307.28,-38.074,-1.120,-2.673,-0.00053,-0.00104,-0.00079,0.600,-0.249,-5.223,-76.747,-0.206,-0.139,77.467,0.998946,0.005128,-0.002410,-0.045550,0.783978,-0.620785,-0.000657,-0.002068,0.944931,-0.326292,-0.001626,-0.025237,-0.00077,-0.00237,-0.00068,-0.00029,0.00029,-0.00090
37.5228,0,1,297.95,-38.070,-1.116,-2.673,0.00067,-0.00077,-0.00012,0.607,-0.237,-5.223,-76.747,-0.209,-0.133,77.475,0.998946,0.005199,-0.002308,-0.045548,0.783979,-0.620784,-0.000712,-0.002043,0.944943,-0.326257,-0.001601,-0.025223,0.00081,-0.00050,0.00013,0.00052,-0.00103,-0.00036
37.6388,0,1,116.01,-38.058,-1.120,-2.668,0.00184,0.00045,-0.00012,0.620,-0.240,-5.217,-76.736,-0.213,-0.127,77.476,0.998947,0.005308,-0.002338,-0.045501,0.784039,-0.620708,-0.000765,-0.002024,0.944977,-0.326160,-0.001645,-0.025189,0.00239,-0.00022,-0.00122,0.00130,0.00112,0.00098
37.6475,0,1,8.71,-38.062,-1.117,-2.667,-0.00055,-0.00089,0.00068,0.614,-0.238,-5.217,-76.736,-0.210,-0.126,77.471,0.998948,0.005256,-0.002317,-0.045499,0.784036,-0.620712,-0.000755,-0.002003,0.944968,-0.326187,-0.001628,-0.025176,-0.00134,-0.00103,0.00038,0.00023,-0.00075,0.00098
37.7505,0,1,102.98,-38.065,-1.116,-2.669,-0.00015,0.00018,0.00015,0.614,-0.232,-5.219,-76.743,-0.213,-0.126,77.478,0.998947,0.005257,-0.002269,-0.045520,0.784001,-0.620756,-0.000772,-0.002015,0.944959,-0.326214,-0.001612,-0.025193,0.00080,-0.00103,-0.00015,-0.00109,0.00139,0.00045
37.7622,0,1,11.67,-38.066,-1.116,-2.669,-0.00121,0.00031,0.00055,0.613,-0.232,-5.218,-76.744,-0.212,-0.127,77.479,0.998948,0.005251,-0.002265,-0.045508,0.783992,-0.620767,-0.000768,-0.002016,0.944956,-0.326223,-0.001607,-0.025188,-0.00107,0.00030,0.00118,-0.00136,0.00032,-0.00009
37.8553,0,1,93.14,-38.063,-1.116,-2.671,0.00038,-0.00063,-0.00078,0.615,-0.230,-5.222,-76.740,-0.213,-0.126,77.477,0.998946,0.005268,-0.002251,-0.045546,0.784014,-0.620740,-0.000772,-0.002014,0.944964,-0.326199,-0.001602,-0.025206,0.00026,-0.00024,-0.00121,0.00050,-0.00102,-0.00035
37.8694,0,1,14.09,-38.064,-1.115,-2.672,-0.00055,0.00071,-0.00038,0.613,-0.230,-5.223,-76.740,-0.212,-0.128,77.475,0.998945,0.005249,-0.002252,-0.045556,0.784014,-0.620740,-0.000756,-0.002022,0.944960,-0.326207,-0.001594,-0.025216,-0.00107,-0.00023,-0.00094,-0.00003,0.00165,0.00018
38.1738,0,1,304.41,-38.066,-1.111,-2.667,-0.00042,-0.00009,0.00095,0.609,-0.228,-5.217,-76.740,-0.207,-0.123,77.470,0.998948,0.005215,-0.002226,-0.045498,0.784016,-0.620737,-0.000750,-0.001968,0.944957,-0.326222,-0.001577,-0.025157,-0.00134,0.00057,0.00145,0.00050,-0.00075,0.00044
38.1817,0,1,7.90,-38.067,-1.111,-2.667,-0.00068,0.00071,-0.00026,0.607,-0.227,-5.216,-76.740,-0.209,-0.124,77.469,0.998949,0.005202,-0.002222,-0.045489,0.784015,-0.620738,-0.000753,-0.001982,0.944955,-0.326229,-0.001577,-0.025159,-0.00133,0.00083,0.00091,-0.00003,0.00059,-0.00142
38.4784,0,1,296.74,-38.067,-1.111,-2.670,-0.00148,-0.00062,-0.00079,0.616,-0.228,-5.219,-76.750,-0.207,-0.128,77.488,0.998947,0.005282,-0.002235,-0.045514,0.783962,-0.620805,-0.000723,-0.002002,0.944953,-0.326232,-0.001567,-0.025184,-0.00135,-0.00076,-0.00149,-0.00161,-0.00049,-0.00009
38.4893,0,1,10.82,-38.067,-1.113,-2.669,-0.00015,-0.00142,-0.00052,0.615,-0.232,-5.219,-76.750,-0.208,-0.128,77.486,0.998947,0.005272,-0.002264,-0.045521,0.783964,-0.620803,-0.000730,-0.001999,0.944952,-0.326235,-0.001587,-0.025186,-0.00055,-0.00209,-0.00068,0.00025,-0.00075,-0.00035
38.7758,0,1,286.57,-38.070,-1.111,-2.673,-0.00028,-0.00010,-0.00105,0.608,-0.226,-5.216,-76.748,-0.212,-0.134,77.477,0.998949,0.005209,-0.002211,-0.045494,0.783971,-0.620793,-0.000721,-0.002064,0.944943,-0.326258,-0.001554,-0.025205,-0.00027,0.00110,-0.00069,-0.00028,-0.00130,-0.00141
38.7869,0,1,11.05,-38.070,-1.109,-2.673,0.00026,0.00123,0.00029,0.608,-0.225,-5.217,-76.747,-0.210,-0.135,77.476,0.998948,0.005208,-0.002204,-0.045498,0.783977,-0.620786,-0.000703,-0.002063,0.944945,-0.326254,-0.001541,-0.025207,-0.00027,0.00110,-0.00042,0.00079,0.00137,0.00099
39.0854,0,1,298.57,-38.070,-1.107,-2.675,-0.00108,0.00096,-0.00092,0.601,-0.221,-5.211,-76.740,-0.214,-0.141,77.461,0.998951,0.005148,-0.002161,-0.045452,0.784016,-0.620736,-0.000704,-0.002121,0.944945,-0.326252,-0.001518,-0.025213,-0.00214,0.00135,0.00037,-0.00003,0.00056,-0.00220
39.0916,0,1,6.18,-38.070,-1.107,-2.675,-0.00001,0.00002,-0.00132,0.600,-0.221,-5.212,-76.740,-0.214,-0.141,77.461,0.998951,0.005145,-0.002162,-0.045456,0.784016,-0.620736,-0.000704,-0.002121,0.944945,-0.326254,-0.001519,-0.025215,0.00000,-0.00052,-0.00043,-0.00003,0.00056,-0.00220
39.3899,0,1,298.31,-38.074,-1.105,-2.677,-0.00228,0.00081,0.00056,0.597,-0.218,-5.214,-76.745,-0.211,-0.142,77.463,0.998950,0.005115,-0.002138,-0.045473,0.783990,-0.620770,-0.000678,-0.002115,0.944933,-0.326288,-0.001493,-0.025221,-0.00240,0.00081,0.00064,-0.00216,0.00082,0.00047
39.4034,0,1,13.50,-38.074,-1.103,-2.676,-0.00041,0.00148,0.00109,0.597,-0.215,-5.212,-76.745,-0.211,-0.142,77.463,0.998951,0.005121,-0.002107,-0.045456,0.783990,-0.620770,-0.000678,-0.002115,0.944934,-0.326285,-0.001476,-0.025212,0.00134,0.00214,0.00170,-0.00216,0.00082,0.00047
39.5906,0,1,187.16,-38.069,-1.098,-2.675,0.00159,0.00041,-0.00039,0.601,-0.209,-5.210,-76.740,-0.208,-0.142,77.463,0.998952,0.005158,-0.002063,-0.045436,0.784015,-0.620737,-0.000653,-0.002094,0.944947,-0.326248,-0.001439,-0.025190,0.00187,0.00053,-0.00044,0.00131,0.00029,-0.00034
39.5968,0,1,6.20,-38.069,-1.097,-2.675,0.00025,0.00121,-0.00065,0.603,-0.207,-5.209,-76.740,-0.208,-0.142,77.464,0.998952,0.005172,-0.002046,-0.045430,0.784015,-0.620737,-0.000653,-0.002094,0.944950,-0.326242,-0.001430,-0.025187,-0.00081,0.00212,-0.00097,0.00131,0.00029,-0.00034
39.7053,0,1,108.49,-38.067,-1.095,-2.675,0.00105,-0.00066,-0.00026,0.607,-0.205,-5.210,-76.741,-0.205,-0.139,77.470,0.998951,0.005206,-0.002030,-0.045439,0.784008,-0.620747,-0.000649,-0.002065,0.944954,-0.326231,-0.001419,-0.025176,0.00025,-0.00055,-0.00177,0.00184,-0.00078,0.00126
39.7107,0,1,5.42,-38.068,-1.094,-2.674,-0.00016,0.00107,0.00028,0.608,-0.206,-5.208,-76.743,-0.205,-0.140,77.472,0.998952,0.005215,-0.002034,-0.045424,0.784000,-0.620757,-0.000640,-0.002068,0.944953,-0.326233,-0.001417,-0.025170,0.00105,0.00132,0.00036,-0.00136,0.00082,0.00019
40.2966,0,1,585.87,-38.066,-1.090,-2.668,-0.00030,0.00054,0.00080,0.612,-0.204,-5.203,-76.743,-0.197,-0.135,77.477,0.998954,0.005254,-0.002021,-0.045382,0.784000,-0.620757,-0.000619,-0.001992,0.944961,-0.326215,-0.001399,-0.025108,-0.00031,-0.00055,-0.00045,-0.00029,0.00163,0.00205
40.3202,0,1,23.60,-38.062,-1.082,-2.669,0.00063,0.00079,0.00079,0.623,-0.190,-5.200,-76.746,-0.196,-0.137,77.492,0.998955,0.005355,-0.001904,-0.045356,0.783982,-0.620780,-0.000598,-0.001994,0.944973,-0.326181,-0.001326,-0.025096,0.00180,0.00128,0.00168,-0.00055,0.00029,-0.00009
40.9114,0,1,591.19,-38.063,-1.080,-2.669,-0.00098,0.00024,-0.00108,0.611,-0.189,-5.195,-76.737,-0.196,-0.140,77.471,0.998958,0.005255,-0.001892,-0.045306,0.784031,-0.620718,-0.000582,-0.002022,0.944970,-0.326190,-0.001311,-0.025084,-0.00166,-0.00033,-0.00181,-0.00030,0.00082,-0.00036
40.9261,0,1,14.76,-38.065,-1.080,-2.661,-0.00084,0.00078,0.00064,0.613,-0.192,-5.183,-76.744,-0.197,-0.136,77.479,0.998962,0.005271,-0.001913,-0.045205,0.783992,-0.620768,-0.000611,-0.002001,0.944964,-0.326213,-0.001338,-0.025019,-0.00033,0.00127,0.00004,-0.00135,0.00029,0.00124
41.2419,0,1,315.76,-38.069,-1.078,-2.663,0.00010,0.00184,0.00024,0.611,-0.188,-5.183,-76.749,-0.197,-0.140,77.481,0.998962,0.005253,-0.001880,-0.045201,0.783969,-0.620796,-0.000589,-0.002028,0.944955,-0.326238,-0.001309,-0.025032,0.00100,0.00312,0.00084,-0.00080,0.00055,-0.00036
41.2500,0,1,8.14,-38.068,-1.076,-2.663,0.00036,0.00103,0.00024,0.612,-0.186,-5.182,-76.748,-0.197,-0.141,77.482,0.998962,0.005260,-0.001866,-0.045199,0.783970,-0.620795,-0.000584,-0.002030,0.944957,-0.326234,-0.001298,-0.025031,0.00046,0.00152,0.00030,0.00026,0.00055,0.00018
41.5398,0,1,289.74,-38.071,-1.080,-2.661,0.00104,0.00037,-0.00150,0.608,-0.192,-5.179,-76.751,-0.199,-0.140,77.480,0.998964,0.005224,-0.001913,-0.045173,0.783958,-0.620810,-0.000608,-0.002036,0.944948,-0.326260,-0.001336,-0.025021,0.00154,0.00019,-0.00050,0.00054,0.00056,-0.00249
41.5497,0,1,9.90,-38.070,-1.082,-2.660,0.00023,-0.00043,-0.00003,0.611,-0.195,-5.179,-76.751,-0.200,-0.139,77.482,0.998964,0.005246,-0.001938,-0.045170,0.783959,-0.620809,-0.000617,-0.002031,0.944952,-0.326250,-0.001354,-0.025017,0.00046,0.00019,0.00003,0.00000,-0.00104,-0.00008
41.7349,0,1,185.19,-38.071,-1.083,-2.658,0.00064,-0.00043,0.00037,0.608,-0.195,-5.177,-76.749,-0.201,-0.137,77.478,0.998964,0.005219,-0.001940,-0.045155,0.783964,-0.620802,-0.000638,-0.002026,0.944949,-0.326258,-0.001366,-0.025006,0.00020,-0.00008,0.00109,0.00107,-0.00077,-0.00035
41.7525,0,1,17.63,-38.071,-1.084,-2.656,-0.00070,-0.00083,-0.00110,0.610,-0.194,-5.170,-76.752,-0.206,-0.138,77.482,0.998967,0.005241,-0.001935,-0.045093,0.783950,-0.620821,-0.000663,-0.002063,0.944949,-0.326259,-0.001377,-0.024993,-0.00060,-0.00116,-0.00026,-0.00079,-0.00051,-0.00194
41.8503,0,1,97.80,-38.070,-1.083,-2.654,-0.00016,-0.00016,-0.00043,0.609,-0.193,-5.166,-76.750,-0.208,-0.136,77.479,0.998969,0.005236,-0.001920,-0.045056,0.783963,-0.620803,-0.000686,-0.002056,0.944953,-0.326250,-0.001381,-0.024969,0.00127,0.00151,-0.00080,-0.00160,-0.00184,-0.00007
41.8672,0,1,16.94,-38.069,-1.083,-2.653,0.00010,-0.00043,0.00037,0.611,-0.192,-5.165,-76.750,-0.208,-0.136,77.481,0.998969,0.005255,-0.001913,-0.045048,0.783963,-0.620803,-0.000686,-0.002056,0.944956,-0.326241,-0.001378,-0.024965,0.00180,0.00098,0.00080,-0.00160,-0.00184,-0.00007
42.4472,0,1,579.99,-38.069,-1.077,-2.654,0.00103,0.00036,0.00023,0.609,-0.185,-5.162,-76.747,-0.207,-0.138,77.476,0.998970,0.005233,-0.001849,-0.045027,0.783976,-0.620787,-0.000665,-0.002063,0.944956,-0.326242,-0.001332,-0.024957,0.00100,0.00122,0.00133,0.00107,-0.00051,-0.00087
43.0734,0,1,626.12,-38.066,-1.081,-2.649,-0.00004,-0.00123,0.00036,0.612,-0.186,-5.161,-76.745,-0.209,-0.129,77.477,0.998971,0.005265,-0.001863,-0.045010,0.783991,-0.620769,-0.000731,-0.002012,0.944966,-0.326215,-0.001375,-0.024922,-0.00062,-0.00038,0.00052,0.00054,-0.00209,0.00021
43.0799,0,1,6.50,-38.069,-1.087,-2.644,0.00036,-0.00202,0.00023,0.606,-0.200,-5.157,-76.745,-0.209,-0.129,77.470,0.998972,0.005205,-0.001984,-0.044979,0.783991,-0.620769,-0.000731,-0.002012,0.944956,-0.326244,-0.001439,-0.024905,0.00017,-0.00196,0.00025,0.00054,-0.00209,0.00021
43.3847,0,1,304.81,-38.068,-1.085,-2.644,0.00142,0.00011,0.00063,0.603,-0.202,-5.154,-76.740,-0.206,-0.133,77.463,0.998974,0.005178,-0.002001,-0.044949,0.784015,-0.620738,-0.000689,-0.002028,0.944959,-0.326238,-0.001426,-0.024898,0.00204,0.00098,0.00024,0.00079,-0.00076,0.00101
43.3985,0,1,13.85,-38.068,-1.085,-2.644,0.00142,0.00011,0.00063,0.603,-0.202,-5.154,-76.740,-0.206,-0.133,77.463,0.998974,0.005178,-0.002001,-0.044949,0.784015,-0.620738,-0.000689,-0.002028,0.944959,-0.326238,-0.001426,-0.024898,0.00204,0.00098,0.00024,0.00079,-0.00076,0.00101
43.4434,0,1,44.90,-38.069,-1.081,-2.644,-0.00032,0.00010,0.00075,0.604,-0.197,-5.152,-76.741,-0.203,-0.133,77.465,0.998975,0.005189,-0.001951,-0.044934,0.784008,-0.620747,-0.000672,-0.002012,0.944959,-0.326238,-0.001390,-0.024881,-0.00090,0.00043,0.00024,0.00026,-0.00023,0.00127
43.5025,0,1,59.04,-38.067,-1.081,-2.644,-0.00019,0.00024,-0.00098,0.607,-0.195,-5.152,-76.742,-0.205,-0.131,77.469,0.998974,0.005216,-0.001939,-0.044938,0.784003,-0.620753,-0.000690,-0.002008,0.944962,-0.326229,-0.001394,-0.024881,0.00016,0.00150,-0.00083,-0.00054,-0.00102,-0.00113
43.5780,0,1,75.57,-38.067,-1.082,-2.641,0.00075,-0.00069,0.00102,0.607,-0.198,-5.150,-76.741,-0.204,-0.131,77.468,0.998975,0.005213,-0.001961,-0.044918,0.784009,-0.620746,-0.000686,-0.001998,0.944964,-0.326226,-0.001403,-0.024865,-0.00064,-0.00090,0.00077,0.00213,-0.00049,0.00127
43.5991,0,1,21.08,-38.068,-1.081,-2.643,-0.00125,0.00010,-0.00018,0.608,-0.197,-5.151,-76.744,-0.204,-0.132,77.471,0.998975,0.005220,-0.001952,-0.044924,0.783994,-0.620765,-0.000677,-0.002005,0.944961,-0.326234,-0.001393,-0.024872,-0.00117,-0.00171,-0.00083,-0.00134,0.00191,0.00047
43.6980,0,1,98.86,-38.067,-1.082,-2.644,0.00115,0.00037,-0.00057,0.611,-0.195,-5.154,-76.744,-0.207,-0.131,77.474,0.998974,0.005246,-0.001943,-0.044949,0.783993,-0.620766,-0.000705,-0.002015,0.944964,-0.326223,-0.001403,-0.024891,0.00229,0.00150,0.00024,-0.00000,-0.00075,-0.00139
43.7049,0,1,6.97,-38.067,-1.082,-2.645,-0.00019,0.00050,-0.00017,0.610,-0.195,-5.155,-76.744,-0.205,-0.132,77.474,0.998973,0.005244,-0.001941,-0.044960,0.783992,-0.620767,-0.000692,-0.002014,0.944964,-0.326224,-0.001396,-0.024896,-0.00038,0.00016,-0.00109,-0.00000,0.00085,0.00074
44.2916,0,1,586.63,-38.071,-1.078,-2.645,0.00049,-0.00017,-0.00017,0.608,-0.188,-5.154,-76.751,-0.204,-0.131,77.479,0.998974,0.005223,-0.001878,-0.044955,0.783957,-0.620812,-0.000686,-0.002002,0.944951,-0.326261,-0.001359,-0.024887,0.00149,0.00095,0.00024,-0.00052,-0.00129,-0.00059
44.3160,0,1,24.44,-38.073,-1.080,-2.650,-0.00045,-0.00084,0.00117,0.606,-0.187,-5.158,-76.752,-0.209,-0.134,77.479,0.998972,0.005213,-0.001864,-0.044990,0.783949,-0.620821,-0.000709,-0.002048,0.944946,-0.326272,-0.001364,-0.024930,0.00015,-0.00173,0.00186,-0.00105,0.00004,0.00049
44.6224,0,1,306.35,-38.070,-1.074,-2.655,0.00075,0.00128,-0.00016,0.607,-0.184,-5.159,-76.747,-0.203,-0.144,77.474,0.998972,0.005219,-0.001846,-0.044999,0.783977,-0.620786,-0.000608,-0.002089,0.944954,-0.326247,-0.001301,-0.024956,0.00015,0.00120,-0.00135,0.00135,0.00135,0.00102
44.6269,0,1,4.59,-38.069,-1.075,-2.656,0.00128,0.00021,-0.00029,0.608,-0.185,-5.161,-76.747,-0.203,-0.144,77.475,0.998971,0.005227,-0.001853,-0.045015,0.783977,-0.620786,-0.000608,-0.002089,0.944955,-0.326244,-0.001304,-0.024965,0.00121,-0.00094,-0.00161,0.00135,0.00135,0.00102
44.9199,0,1,293.00,-38.073,-1.076,-2.657,-0.00072,-0.00007,0.00011,0.602,-0.182,-5.160,-76.748,-0.209,-0.145,77.470,0.998972,0.005176,-0.001825,-0.045003,0.783972,-0.620792,-0.000646,-0.002123,0.944945,-0.326271,-0.001310,-0.024976,-0.00092,-0.00122,-0.00028,-0.00052,0.00109,0.00050
44.9324,0,1,12.48,-38.071,-1.076,-2.657,0.00048,-0.00087,-0.00069,0.602,-0.182,-5.160,-76.745,-0.210,-0.144,77.467,0.998972,0.005176,-0.001825,-0.045003,0.783986,-0.620775,-0.000655,-0.002127,0.944949,-0.326261,-0.001314,-0.024978,-0.00092,-0.00122,-0.00028,0.00188,-0.00051,-0.00110
45.2350,0,1,302.61,-38.071,-1.074,-2.655,0.00061,-0.00007,0.00025,0.602,-0.175,-5.163,-76.744,-0.208,-0.136,77.467,0.998971,0.005179,-0.001764,-0.045032,0.783992,-0.620767,-0.000686,-0.002059,0.944951,-0.326255,-0.001299,-0.024958,-0.00066,-0.00044,-0.00000,0.00188,0.00031,0.00050
45.2388,0,1,3.77,-38.071,-1.074,-2.655,0.00034,0.00033,0.00065,0.602,-0.175,-5.162,-76.744,-0.208,-0.136,77.467,0.998971,0.005176,-0.001763,-0.045024,0.783992,-0.620767,-0.000686,-0.002059,0.944951,-0.326257,-0.001298,-0.024954,-0.00119,0.00036,0.00080,0.00188,0.00031,0.00050
45.2895,0,1,50.64,-38.072,-1.070,-2.658,0.00074,0.00139,-0.00109,0.599,-0.172,-5.162,-76.744,-0.207,-0.142,77.464,0.998971,0.005157,-0.001739,-0.045019,0.783995,-0.620763,-0.000648,-0.002090,0.944949,-0.326263,-0.001265,-0.024967,0.00041,0.00088,-0.00081,0.00108,0.00190,-0.00137
45.5333,0,1,243.84,-38.075,-1.063,-2.652,-0.00179,0.00058,0.00183,0.592,-0.173,-5.157,-76.743,-0.193,-0.140,77.455,0.998973,0.005091,-0.001738,-0.044980,0.784002,-0.620755,-0.000562,-0.002001,0.944941,-0.326289,-0.001219,-0.024899,-0.00118,0.00087,0.00159,-0.00239,0.00029,0.00207
45.6213,0,1,88.01,-38.073,-1.066,-2.652,0.00034,0.00005,-0.00097,0.595,-0.177,-5.158,-76.742,-0.194,-0.140,77.458,0.998973,0.005121,-0.001776,-0.044989,0.784007,-0.620749,-0.000568,-0.002005,0.944947,-0.326271,-0.001242,-0.024906,0.00014,0.00034,-0.00135,0.00054,-0.00024,-0.00060
45.6317,0,1,10.43,-38.072,-1.065,-2.650,0.00021,0.00111,0.00049,0.599,-0.175,-5.156,-76.744,-0.193,-0.138,77.464,0.998973,0.005151,-0.001761,-0.044973,0.783993,-0.620766,-0.000579,-0.001989,0.944949,-0.326268,-0.001240,-0.024889,0.00093,0.00193,0.00052,-0.00052,0.00030,0.00047
45.7363,0,1,104.58,-38.072,-1.067,-2.647,0.00034,-0.00062,-0.00125,0.599,-0.180,-5.152,-76.745,-0.195,-0.136,77.465,0.998975,0.005155,-0.001802,-0.044935,0.783990,-0.620770,-0.000595,-0.001990,0.944949,-0.326268,-0.001270,-0.024869,-0.00041,-0.00100,-0.00163,0.00108,-0.00023,-0.00086
45.7470,0,1,10.67,-38.073,-1.068,-2.646,-0.00046,-0.00128,-0.00071,0.599,-0.180,-5.152,-76.746,-0.195,-0.135,77.466,0.998975,0.005155,-0.001802,-0.044935,0.783985,-0.620776,-0.000607,-0.001979,0.944948,-0.326272,-0.001277,-0.024864,-0.00041,-0.00100,-0.00163,-0.00052,-0.00157,0.00020
45.8460,0,1,99.03,-38.075,-1.068,-2.649,-0.00032,0.00124,-0.00084,0.596,-0.178,-5.152,-76.747,-0.199,-0.139,77.464,0.998975,0.005129,-0.001789,-0.044932,0.783978,-0.620785,-0.000609,-0.002029,0.944941,-0.326289,-0.001271,-0.024889,-0.00040,0.00166,-0.00136,-0.00025,0.00083,-0.00032
46.1343,0,1,288.33,-38.075,-1.068,-2.649,-0.00045,0.00058,-0.00004,0.596,-0.178,-5.151,-76.747,-0.199,-0.139,77.463,0.998975,0.005123,-0.001789,-0.044930,0.783978,-0.620785,-0.000609,-0.002029,0.944940,-0.326292,-0.001271,-0.024887,-0.00066,0.00032,0.00024,-0.00025,0.00083,-0.00032
46.1493,0,1,14.98,-38.076,-1.071,-2.648,-0.00018,0.00071,-0.00071,0.596,-0.186,-5.155,-76.748,-0.195,-0.138,77.465,0.998974,0.005125,-0.001856,-0.044958,0.783972,-0.620793,-0.000588,-0.002001,0.944939,-0.326296,-0.001296,-0.024887,-0.00038,0.00059,-0.00056,0.00003,0.00083,-0.00087
46.4547,0,1,305.39,-38.070,-1.077,-2.649,-0.00004,0.00031,-0.00004,0.609,-0.196,-5.159,-76.749,-0.195,-0.139,77.478,0.998971,0.005233,-0.001950,-0.044999,0.783968,-0.620798,-0.000580,-0.002002,0.944955,-0.326248,-0.001341,-0.024911,0.00068,0.00006,0.00052,-0.00077,0.00056,-0.00060
46.4651,0,1,10.36,-38.071,-1.076,-2.649,-0.00098,0.00031,0.00009,0.608,-0.196,-5.159,-76.750,-0.195,-0.139,77.478,0.998972,0.005224,-0.001949,-0.044994,0.783964,-0.620803,-0.000578,-0.002009,0.944952,-0.326256,-0.001340,-0.024911,-0.00119,0.00006,0.00052,-0.00076,0.00056,-0.00034
46.7614,0,1,296.37,-38.071,-1.076,-2.646,-0.00031,0.00031,-0.00005,0.604,-0.202,-5.158,-76.746,-0.189,-0.139,77.470,0.998972,0.005186,-0.001994,-0.044986,0.783985,-0.620776,-0.000541,-0.001971,0.944952,-0.326257,-0.001344,-0.024887,0.00068,0.00006,-0.00001,-0.00130,0.00056,-0.00008
46.7718,0,1,10.35,-38.071,-1.076,-2.646,-0.00031,0.00031,-0.00005,0.604,-0.202,-5.158,-76.746,-0.189,-0.139,77.470,0.998972,0.005186,-0.001994,-0.044986,0.783985,-0.620776,-0.000541,-0.001971,0.944952,-0.326257,-0.001344,-0.024887,0.00068,0.00006,-0.00001,-0.00130,0.00056,-0.00008
47.0718,0,1,300.03,-38.077,-1.085,-2.649,-0.00150,0.00045,-0.00070,0.599,-0.209,-5.161,-76.753,-0.198,-0.141,77.471,0.998971,0.005142,-0.002058,-0.045011,0.783947,-0.620824,-0.000593,-0.002038,0.944934,-0.326307,-0.001405,-0.024936,-0.00171,0.00088,0.00026,-0.00129,0.00002,-0.00167
47.0823,0,1,10.49,-38.075,-1.085,-2.651,0.00063,0.00098,-0.00163,0.600,-0.208,-5.163,-76.751,-0.200,-0.143,77.470,0.998970,0.005150,-0.002049,-0.045027,0.783958,-0.620810,-0.000594,-0.002060,0.944938,-0.326295,-0.001401,-0.024956,-0.00038,0.00061,-0.00161,0.00165,0.00136,-0.00166
47.3763,0,1,293.94,-38.069,-1.084,-2.651,-0.00004,0.00097,-0.00043,0.609,-0.204,-5.161,-76.747,-0.204,-0.142,77.476,0.998971,0.005232,-0.002017,-0.045010,0.783977,-0.620786,-0.000623,-0.002074,0.944956,-0.326241,-0.001399,-0.024954,0.00042,0.00166,0.00079,-0.00049,0.00029,-0.00166
47.3871,0,1,10.79,-38.068,-1.084,-2.652,0.00076,0.00137,0.00064,0.609,-0.204,-5.161,-76.745,-0.202,-0.143,77.474,0.998971,0.005232,-0.002017,-0.045010,0.783986,-0.620775,-0.000611,-0.002075,0.944958,-0.326234,-0.001392,-0.024955,0.00042,0.00166,0.00079,0.00111,0.00109,0.00048
47.5769,0,1,189.83,-38.066,-1.085,-2.652,-0.00098,0.00110,0.00010,0.615,-0.206,-5.161,-76.747,-0.202,-0.144,77.481,0.998970,0.005280,-0.002038,-0.045016,0.783976,-0.620787,-0.000600,-0.002080,0.944963,-0.326220,-0.001398,-0.024961,0.00013,0.00085,0.00026,-0.00209,0.00135,-0.00006
47.5834,0,1,6.51,-38.064,-1.085,-2.652,0.00102,0.00030,0.00010,0.618,-0.207,-5.161,-76.746,-0.202,-0.145,77.484,0.998970,0.005310,-0.002050,-0.045014,0.783980,-0.620782,-0.000595,-0.002082,0.944969,-0.326202,-0.001402,-0.024961,0.00146,0.00005,-0.00001,0.00058,0.00055,0.00021
47.6841,0,1,100.75,-38.058,-1.085,-2.655,-0.00033,0.00030,0.00024,0.622,-0.205,-5.165,-76.738,-0.204,-0.145,77.479,0.998969,0.005339,-0.002027,-0.045048,0.784024,-0.620727,-0.000609,-0.002102,0.944985,-0.326155,-0.001397,-0.024989,0.00066,0.00111,-0.00080,-0.00131,-0.00052,0.00128
47.6944,0,1,10.22,-38.058,-1.085,-2.655,-0.00033,0.00030,0.00024,0.622,-0.205,-5.165,-76.738,-0.204,-0.145,77.479,0.998969,0.005339,-0.002027,-0.045048,0.784024,-0.620727,-0.000609,-0.002102,0.944985,-0.326155,-0.001397,-0.024989,0.00066,0.00111,-0.00080,-0.00131,-0.00052,0.00128
47.9920,0,1,297.60,-38.056,-1.082,-2.649,0.00087,0.00043,0.00116,0.626,-0.206,-5.160,-76.738,-0.196,-0.141,77.483,0.998970,0.005373,-0.002040,-0.045002,0.784029,-0.620721,-0.000576,-0.002030,0.944993,-0.326136,-0.001386,-0.024927,0.00092,0.00164,0.00133,0.00083,-0.00078,0.00100
48.0232,0,1,31.26,-38.055,-1.081,-2.650,0.00101,0.00016,-0.00017,0.627,-0.204,-5.161,-76.738,-0.196,-0.141,77.485,0.998970,0.005389,-0.002021,-0.045016,0.784029,-0.620721,-0.000576,-0.002030,0.944996,-0.326128,-0.001376,-0.024935,0.00118,0.00111,-0.00134,0.00083,-0.00078,0.00100
48.3064,0,1,283.20,-38.050,-1.081,-2.649,0.00058,-0.00117,0.00049,0.628,-0.210,-5.155,-76.727,-0.194,-0.149,77.474,0.998972,0.005393,-0.002076,-0.044963,0.784086,-0.620648,-0.000522,-0.002067,0.945012,-0.326082,-0.001377,-0.024925,0.00063,-0.00235,0.00051,0.00053,0.00000,0.00046
48.3176,0,1,11.14,-38.051,-1.081,-2.650,-0.00088,-0.00064,-0.00098,0.626,-0.210,-5.158,-76.727,-0.194,-0.149,77.472,0.998971,0.005372,-0.002079,-0.044986,0.784086,-0.620648,-0.000522,-0.002067,0.945008,-0.326092,-0.001379,-0.024938,-0.00230,-0.00128,-0.00242,0.00053,0.00000,0.00046
48.8986,0,1,581.00,-38.050,-1.081,-2.647,0.00071,-0.00103,-0.00018,0.624,-0.211,-5.155,-76.724,-0.192,-0.145,77.467,0.998972,0.005358,-0.002087,-0.044959,0.784104,-0.620626,-0.000532,-0.002033,0.945011,-0.326086,-0.001388,-0.024906,0.00117,-0.00101,0.00158,0.00025,-0.00106,-0.00195
48.9145,0,1,15.91,-38.058,-1.078,-2.644,0.00005,0.00003,-0.00019,0.615,-0.204,-5.155,-76.731,-0.192,-0.138,77.466,0.998973,0.005285,-0.002020,-0.044957,0.784067,-0.620673,-0.000562,-0.001985,0.944990,-0.326148,-0.001368,-0.024878,-0.00070,0.00005,0.00051,0.00080,0.00002,-0.00089
49.6072,0,1,692.71,-38.067,-1.084,-2.645,-0.00088,-0.00076,0.00009,0.605,-0.209,-5.155,-76.739,-0.199,-0.139,77.463,0.998973,0.005189,-0.002064,-0.044956,0.784022,-0.620729,-0.000608,-0.002031,0.944962,-0.326227,-0.001416,-0.024903,-0.00096,-0.00048,-0.00136,-0.00079,-0.00104,0.00153
49.7219,0,1,114.68,-38.069,-1.090,-2.640,-0.00087,-0.00062,-0.00018,0.603,-0.217,-5.149,-76.741,-0.203,-0.135,77.463,0.998976,0.005175,-0.002125,-0.044905,0.784010,-0.620744,-0.000658,-0.002029,0.944957,-0.326243,-0.001475,-0.024874,-0.00175,-0.00073,0.00130,0.00001,-0.00050,-0.00167
50.1270,0,1,405.17,-38.065,-1.090,-2.636,0.00139,-0.00101,0.00061,0.606,-0.216,-5.140,-76.737,-0.208,-0.134,77.461,0.998979,0.005202,-0.002120,-0.044832,0.784033,-0.620716,-0.000697,-0.002047,0.944969,-0.326213,-0.001493,-0.024846,0.00118,-0.00180,0.00075,0.00161,-0.00023,0.00048
50.1513,0,1,24.29,-38.068,-1.092,-2.633,-0.00114,-0.00020,-0.00032,0.603,-0.214,-5.138,-76.739,-0.212,-0.129,77.460,0.998980,0.005169,-0.002102,-0.044811,0.784018,-0.620734,-0.000754,-0.002032,0.944960,-0.326239,-0.001514,-0.024826,-0.00175,-0.00098,-0.00139,-0.00053,0.00059,0.00076
50.4507,0,1,299.37,-38.074,-1.086,-2.632,0.00127,-0.00046,-0.00046,0.591,-0.216,-5.143,-76.738,-0.196,-0.127,77.448,0.998978,0.005066,-0.002111,-0.044857,0.784027,-0.620723,-0.000657,-0.001931,0.944946,-0.326282,-0.001467,-0.024796,0.00067,-0.00098,-0.00085,0.00187,0.00005,-0.00007
50.7418,0,1,291.14,-38.073,-1.085,-2.632,0.00046,0.00100,0.00007,0.591,-0.215,-5.144,-76.737,-0.195,-0.128,77.446,0.998978,0.005064,-0.002105,-0.044862,0.784035,-0.620714,-0.000644,-0.001932,0.944948,-0.326277,-0.001457,-0.024800,-0.00040,0.00089,-0.00058,0.00133,0.00112,0.00073
50.7706,0,1,28.76,-38.082,-1.087,-2.632,-0.00045,-0.00060,0.00048,0.584,-0.220,-5.149,-76.746,-0.191,-0.126,77.450,0.998976,0.005005,-0.002148,-0.044904,0.783981,-0.620782,-0.000624,-0.001891,0.944924,-0.326347,-0.001469,-0.024801,-0.00065,-0.00018,0.00077,-0.00025,-0.00102,0.00018
50.8049,0,1,34.35,-38.081,-1.089,-2.631,0.00008,-0.00019,0.00008,0.583,-0.225,-5.148,-76.745,-0.191,-0.127,77.448,0.998977,0.004997,-0.002191,-0.044900,0.783988,-0.620773,-0.000619,-0.001900,0.944924,-0.326345,-0.001490,-0.024803,0.00095,-0.00017,0.00023,-0.00079,-0.00022,-0.00008
51.0717,0,1,266.80,-38.076,-1.085,-2.635,-0.00059,0.00020,-0.00033,0.595,-0.224,-5.152,-76.746,-0.184,-0.133,77.460,0.998975,0.005098,-0.002185,-0.044930,0.783985,-0.620777,-0.000539,-0.001907,0.944939,-0.326300,-0.001444,-0.024823,0.00041,-0.00098,-0.00083,-0.00159,0.00137,0.00017
51.0785,0,1,6.74,-38.076,-1.084,-2.636,-0.00046,0.00113,-0.00019,0.595,-0.222,-5.152,-76.746,-0.184,-0.133,77.460,0.998975,0.005099,-0.002165,-0.044935,0.783985,-0.620777,-0.000539,-0.001907,0.944939,-0.326299,-0.001433,-0.024826,0.00067,0.00089,-0.00056,-0.00159,0.00137,0.00017
51.3718,0,1,293.38,-38.078,-1.084,-2.635,0.00114,0.00127,-0.00113,0.588,-0.219,-5.154,-76.742,-0.184,-0.128,77.450,0.998974,0.005038,-0.002143,-0.044953,0.784002,-0.620755,-0.000567,-0.001876,0.944934,-0.326315,-0.001436,-0.024818,0.00121,0.00142,-0.00136,0.00108,0.00111,-0.00090
51.3808,0,1,8.94,-38.078,-1.083,-2.635,-0.00006,0.00180,-0.00033,0.587,-0.217,-5.154,-76.742,-0.184,-0.128,77.449,0.998974,0.005030,-0.002126,-0.044950,0.784002,-0.620755,-0.000567,-0.001876,0.944933,-0.326319,-0.001427,-0.024816,-0.00119,0.00249,0.00024,0.00108,0.00111,-0.00090
51.4308,0,1,50.01,-38.075,-1.084,-2.634,0.00114,-0.00034,-0.00060,0.589,-0.219,-5.154,-76.739,-0.185,-0.126,77.449,0.998974,0.005053,-0.002139,-0.044951,0.784019,-0.620733,-0.000587,-0.001863,0.944941,-0.326295,-0.001445,-0.024810,0.00201,-0.00099,-0.00109,0.00027,0.00032,-0.00010
51.5691,0,1,138.27,-38.074,-1.088,-2.637,0.00034,0.00020,-0.00126,0.589,-0.222,-5.155,-76.736,-0.191,-0.128,77.445,0.998974,0.005052,-0.002163,-0.044963,0.784036,-0.620712,-0.000613,-0.001914,0.944945,-0.326283,-0.001471,-0.024844,0.00041,-0.00125,-0.00216,0.00026,0.00165,-0.00036
51.5815,0,1,12.45,-38.073,-1.092,-2.637,-0.00033,0.00007,-0.00072,0.591,-0.228,-5.158,-76.736,-0.191,-0.128,77.446,0.998972,0.005060,-0.002221,-0.044983,0.784036,-0.620712,-0.000613,-0.001914,0.944946,-0.326279,-0.001502,-0.024854,-0.00092,-0.00150,-0.00108,0.00026,0.00165,-0.00036
51.6872,0,1,105.71,-38.073,-1.090,-2.639,-0.00153,-0.00087,-0.00005,0.590,-0.224,-5.159,-76.736,-0.191,-0.131,77.446,0.998972,0.005059,-0.002185,-0.044991,0.784036,-0.620712,-0.000602,-0.001930,0.944945,-0.326279,-0.001477,-0.024867,-0.00173,-0.00098,-0.00001,-0.00134,-0.00076,-0.00009
51.6918,0,1,4.61,-38.074,-1.089,-2.638,-0.00006,-0.00100,0.00035,0.590,-0.224,-5.158,-76.736,-0.191,-0.130,77.446,0.998972,0.005056,-0.002185,-0.044986,0.784036,-0.620712,-0.000602,-0.001922,0.944945,-0.326281,-0.001477,-0.024860,-0.00012,-0.00150,0.00025,-0.00000,-0.00049,0.00044
51.9826,0,1,290.80,-38.074,-1.088,-2.634,0.00007,0.00007,0.00007,0.592,-0.220,-5.153,-76.739,-0.192,-0.126,77.451,0.998974,0.005073,-0.002150,-0.044941,0.784019,-0.620734,-0.000631,-0.001903,0.944944,-0.326285,-0.001474,-0.024826,-0.00093,-0.00017,0.00051,0.00107,0.00032,-0.00036
51.9870,0,1,4.34,-38.074,-1.088,-2.634,0.00007,0.00007,0.00007,0.592,-0.220,-5.153,-76.739,-0.192,-0.126,77.451,0.998974,0.005073,-0.002150,-0.044941,0.784019,-0.620734,-0.000631,-0.001903,0.944944,-0.326285,-0.001474,-0.024826,-0.00093,-0.00017,0.00051,0.00107,0.00032,-0.00036
52.0397,0,1,52.75,-38.076,-1.088,-2.635,0.00007,-0.00020,-0.00086,0.589,-0.219,-5.153,-76.740,-0.192,-0.126,77.449,0.998975,0.005049,-0.002141,-0.044939,0.784017,-0.620736,-0.000634,-0.001906,0.944940,-0.326298,-0.001470,-0.024826,0.00068,0.00009,-0.00029,-0.00053,-0.00049,-0.00143
52.5845,0,1,544.77,-38.077,-1.089,-2.636,0.00074,0.00047,-0.00019,0.593,-0.224,-5.147,-76.747,-0.196,-0.134,77.458,0.998977,0.005079,-0.002186,-0.044889,0.783980,-0.620783,-0.000610,-0.001979,0.944935,-0.326312,-0.001482,-0.024840,0.00120,0.00037,-0.00084,0.00028,0.00057,0.00045
52.6131,0,1,28.60,-38.077,-1.087,-2.637,0.00114,-0.00060,-0.00060,0.591,-0.226,-5.152,-76.743,-0.188,-0.135,77.453,0.998975,0.005062,-0.002202,-0.044933,0.783999,-0.620759,-0.000560,-0.001941,0.944936,-0.326306,-0.001464,-0.024842,0.00093,0.00064,-0.00056,0.00135,-0.00184,-0.00063
52.9091,0,1,296.01,-38.073,-1.083,-2.629,0.00006,0.00021,0.00085,0.596,-0.222,-5.144,-76.740,-0.185,-0.128,77.455,0.998978,0.005109,-0.002168,-0.044861,0.784015,-0.620739,-0.000568,-0.001877,0.944950,-0.326271,-0.001450,-0.024770,0.00039,0.00278,0.00209,-0.00027,-0.00237,-0.00038
52.9137,0,1,4.61,-38.072,-1.083,-2.629,0.00033,-0.00060,-0.00008,0.597,-0.221,-5.143,-76.740,-0.185,-0.128,77.457,0.998978,0.005120,-0.002158,-0.044859,0.784015,-0.620739,-0.000568,-0.001877,0.944952,-0.326266,-0.001445,-0.024769,0.00092,0.00117,0.00022,-0.00027,-0.00237,-0.00038
53.2141,0,1,300.42,-38.071,-1.083,-2.633,0.00073,0.00006,-0.00088,0.599,-0.217,-5.145,-76.741,-0.189,-0.131,77.459,0.998977,0.005135,-0.002127,-0.044875,0.784012,-0.620743,-0.000581,-0.001923,0.944953,-0.326262,-0.001435,-0.024802,0.00226,0.00063,0.00049,-0.00080,-0.00050,-0.00224
53.4579,0,1,243.80,-38.071,-1.084,-2.633,0.00006,-0.00074,0.00006,0.599,-0.219,-5.144,-76.741,-0.190,-0.131,77.460,0.998978,0.005139,-0.002146,-0.044865,0.784009,-0.620746,-0.000591,-0.001928,0.944953,-0.326261,-0.001451,-0.024799,0.00039,-0.00098,0.00102,-0.00026,-0.00050,-0.00091
53.5181,0,1,60.15,-38.066,-1.082,-2.631,0.00098,0.00019,-0.00021,0.598,-0.214,-5.141,-76.730,-0.191,-0.129,77.447,0.998979,0.005130,-0.002095,-0.044839,0.784071,-0.620667,-0.000609,-0.001915,0.944969,-0.326218,-0.001433,-0.024778,-0.00042,0.00088,0.00075,0.00238,-0.00049,-0.00118
53.6092,0,1,91.10,-38.066,-1.081,-2.631,-0.00009,-0.00021,-0.00035,0.599,-0.211,-5.141,-76.730,-0.192,-0.128,77.449,0.998979,0.005143,-0.002074,-0.044835,0.784070,-0.620669,-0.000624,-0.001914,0.944970,-0.326213,-0.001430,-0.024776,0.00011,0.00087,0.00022,-0.00029,-0.00129,-0.00091
53.6186,0,1,9.43,-38.067,-1.080,-2.632,0.00005,0.00099,0.00086,0.601,-0.210,-5.140,-76.734,-0.192,-0.130,77.454,0.998979,0.005160,-0.002063,-0.044830,0.784049,-0.620696,-0.000612,-0.001926,0.944968,-0.326221,-0.001417,-0.024780,0.00118,0.00113,0.00102,-0.00108,0.00084,0.00070
54.1232,0,1,504.57,-38.069,-1.077,-2.632,0.00005,0.00005,0.00005,0.596,-0.207,-5.137,-76.734,-0.192,-0.132,77.449,0.998981,0.005113,-0.002035,-0.044807,0.784050,-0.620694,-0.000600,-0.001941,0.944961,-0.326242,-0.001396,-0.024775,-0.00041,0.00033,0.00021,0.00052,-0.00023,-0.00010
54.4438,0,1,320.61,-38.079,-1.079,-2.632,0.00020,0.00045,-0.00034,0.586,-0.205,-5.135,-76.743,-0.198,-0.131,77.448,0.998982,0.005026,-0.002012,-0.044788,0.783998,-0.620760,-0.000644,-0.001971,0.944932,-0.326323,-0.001408,-0.024781,0.00040,-0.00022,0.00020,-0.00000,0.00111,-0.00089
54.7495,0,1,305.65,-38.081,-1.077,-2.632,0.00114,-0.00009,0.00072,0.580,-0.204,-5.138,-76.742,-0.194,-0.129,77.442,0.998981,0.004980,-0.002003,-0.044809,0.784006,-0.620750,-0.000624,-0.001934,0.944927,-0.326339,-0.001392,-0.024772,0.00015,-0.00022,0.00181,0.00213,0.00004,-0.00036
54.7625,0,1,13.07,-38.077,-1.079,-2.635,0.00153,-0.00009,-0.00020,0.585,-0.205,-5.146,-76.739,-0.193,-0.128,77.444,0.998977,0.005021,-0.002013,-0.044886,0.784019,-0.620733,-0.000626,-0.001916,0.944936,-0.326310,-0.001399,-0.024803,0.00121,0.00004,-0.00191,0.00185,-0.00022,0.00150
55.0570,0,1,294.44,-38.072,-1.083,-2.633,-0.00048,-0.00022,-0.00073,0.596,-0.201,-5.145,-76.741,-0.202,-0.121,77.457,0.998978,0.005117,-0.001990,-0.044869,0.784010,-0.620744,-0.000726,-0.001920,0.944950,-0.326271,-0.001439,-0.024797,-0.00041,0.00003,0.00049,-0.00055,-0.00047,-0.00195
55.0612,0,1,4.21,-38.072,-1.083,-2.633,-0.00034,0.00045,-0.00046,0.597,-0.201,-5.145,-76.742,-0.202,-0.122,77.459,0.998977,0.005129,-0.001990,-0.044875,0.784005,-0.620751,-0.000723,-0.001926,0.944950,-0.326269,-0.001438,-0.024804,0.00040,0.00029,-0.00058,-0.00108,0.00060,-0.00035
55.3676,0,1,306.43,-38.070,-1.089,-2.626,-0.00048,-0.00008,0.00114,0.604,-0.208,-5.139,-76.743,-0.206,-0.115,77.466,0.998980,0.005183,-0.002051,-0.044817,0.784000,-0.620758,-0.000790,-0.001902,0.944959,-0.326248,-0.001506,-0.024760,0.00093,0.00029,-0.00006,-0.00188,-0.00045,0.00233
55.3756,0,1,7.99,-38.069,-1.089,-2.626,-0.00048,0.00018,0.00154,0.605,-0.208,-5.138,-76.743,-0.206,-0.115,77.467,0.998980,0.005192,-0.002051,-0.044809,0.784000,-0.620758,-0.000790,-0.001902,0.944960,-0.326244,-0.001505,-0.024756,0.00093,0.00082,0.00074,-0.00188,-0.00045,0.00233
55.6712,0,1,295.55,-38.070,-1.087,-2.624,-0.00181,0.00085,0.00046,0.605,-0.210,-5.132,-76.744,-0.204,-0.119,77.468,0.998982,0.005192,-0.002071,-0.044758,0.783992,-0.620768,-0.000753,-0.001916,0.944959,-0.326249,-0.001497,-0.024737,-0.00174,0.00109,0.00073,-0.00188,0.00060,0.00019
56.2845,0,1,613.34,-38.064,-1.087,-2.629,0.00018,0.00110,-0.00087,0.609,-0.216,-5.133,-76.737,-0.203,-0.130,77.464,0.998981,0.005223,-0.002118,-0.044769,0.784032,-0.620717,-0.000687,-0.001988,0.944974,-0.326203,-0.001487,-0.024781,-0.00042,0.00189,-0.00087,0.00078,0.00032,-0.00087
56.2900,0,1,5.51,-38.064,-1.088,-2.626,-0.00009,0.00017,0.00046,0.611,-0.220,-5.128,-76.738,-0.202,-0.129,77.466,0.998983,0.005237,-0.002156,-0.044726,0.784026,-0.620724,-0.000679,-0.001978,0.944975,-0.326201,-0.001503,-0.024753,0.00065,0.00029,-0.00034,-0.00082,0.00005,0.00127
56.5936,0,1,303.57,-38.065,-1.087,-2.632,0.00058,-0.00091,-0.00034,0.611,-0.224,-5.128,-76.740,-0.201,-0.145,77.469,0.998983,0.005243,-0.002191,-0.044725,0.784014,-0.620740,-0.000589,-0.002080,0.944972,-0.326207,-0.001473,-0.024806,0.00038,-0.00157,-0.00034,0.00078,-0.00025,-0.00033
56.6045,0,1,10.94,-38.066,-1.086,-2.631,-0.00142,-0.00038,0.00113,0.610,-0.224,-5.127,-76.742,-0.199,-0.144,77.469,0.998984,0.005231,-0.002190,-0.044718,0.784003,-0.620753,-0.000583,-0.002064,0.944967,-0.326221,-0.001470,-0.024794,-0.00122,-0.00023,0.00072,-0.00162,-0.00052,0.00154
56.8995,0,1,294.93,-38.073,-1.088,-2.634,-0.00007,0.00149,-0.00007,0.609,-0.229,-5.134,-76.754,-0.196,-0.146,77.480,0.998981,0.005220,-0.002233,-0.044777,0.783942,-0.620830,-0.000551,-0.002059,0.944948,-0.326273,-0.001475,-0.024823,-0.00041,0.00111,-0.00060,0.00028,0.00188,0.00046
56.9100,0,1,10.54,-38.074,-1.087,-2.635,-0.00153,0.00149,-0.00007,0.609,-0.229,-5.134,-76.757,-0.195,-0.148,77.483,0.998981,0.005220,-0.002233,-0.044777,0.783925,-0.620851,-0.000532,-0.002067,0.944944,-0.326286,-0.001466,-0.024827,-0.00041,0.00111,-0.00060,-0.00265,0.00188,0.00046
57.2100,0,1,300.04,-38.075,-1.085,-2.633,0.00007,0.00002,0.00046,0.608,-0.229,-5.128,-76.756,-0.193,-0.150,77.481,0.998983,0.005211,-0.002237,-0.044728,0.783928,-0.620848,-0.000510,-0.002073,0.944944,-0.326288,-0.001456,-0.024804,-0.00042,-0.00076,0.00072,0.00056,0.00080,0.00019
57.2224,0,1,12.40,-38.075,-1.085,-2.633,-0.00020,0.00042,-0.00034,0.607,-0.230,-5.129,-76.756,-0.193,-0.150,77.480,0.998983,0.005201,-0.002238,-0.044736,0.783928,-0.620848,-0.000510,-0.002073,0.944942,-0.326292,-0.001456,-0.024809,-0.00095,0.00004,-0.00088,0.00056,0.00080,0.00019
57.5232,0,1,300.78,-38.080,-1.081,-2.631,0.00048,0.00056,0.00085,0.599,-0.228,-5.131,-76.758,-0.185,-0.145,77.474,0.998982,0.005135,-0.002221,-0.044754,0.783920,-0.620858,-0.000477,-0.001996,0.944930,-0.326331,-0.001430,-0.024778,0.00040,0.00164,-0.00034,0.00056,-0.00053,0.00204
57.5271,0,1,3.83,-38.081,-1.081,-2.630,-0.00099,0.00016,0.00005,0.598,-0.225,-5.131,-76.759,-0.186,-0.143,77.474,0.998983,0.005123,-0.002196,-0.044747,0.783914,-0.620866,-0.000495,-0.001989,0.944927,-0.326341,-0.001426,-0.024770,-0.00094,0.00217,0.00073,-0.00104,-0.00186,-0.00063
57.6119,0,1,84.82,-38.080,-1.083,-2.627,-0.00072,-0.00050,0.00005,0.601,-0.224,-5.128,-76.759,-0.190,-0.139,77.478,0.998984,0.005148,-0.002189,-0.044722,0.783911,-0.620870,-0.000546,-0.001980,0.944930,-0.326331,-0.001449,-0.024752,0.00013,-0.00103,0.00099,-0.00157,0.00002,-0.00089
57.7049,0,1,93.03,-38.079,-1.082,-2.628,0.00061,-0.00064,0.00045,0.601,-0.225,-5.127,-76.757,-0.189,-0.142,77.476,0.998984,0.005153,-0.002195,-0.044712,0.783921,-0.620857,-0.000528,-0.001993,0.944934,-0.326321,-0.001443,-0.024754,0.00039,-0.00103,0.00099,0.00083,-0.00025,-0.00009
57.7156,0,1,10.71,-38.078,-1.080,-2.628,0.00008,0.00069,0.00058,0.604,-0.220,-5.126,-76.760,-0.190,-0.140,77.481,0.998984,0.005179,-0.002156,-0.044711,0.783909,-0.620872,-0.000539,-0.001990,0.944935,-0.326318,-0.001428,-0.024752,0.00119,0.00217,0.00099,-0.00103,-0.00078,0.00018
58.1154,0,1,399.81,-38.080,-1.080,-2.630,-0.00005,-0.00038,-0.00035,0.604,-0.221,-5.128,-76.763,-0.188,-0.144,77.484,0.998983,0.005178,-0.002165,-0.044729,0.783891,-0.620895,-0.000507,-0.002003,0.944930,-0.326332,-0.001416,-0.024768,-0.00041,0.00030,-0.00141,0.00031,-0.00106,0.00071
58.1284,0,1,12.98,-38.084,-1.077,-2.631,-0.00111,0.00028,0.00085,0.600,-0.223,-5.131,-76.767,-0.181,-0.145,77.485,0.998983,0.005146,-0.002175,-0.044747,0.783868,-0.620924,-0.000452,-0.001973,0.944918,-0.326365,-0.001392,-0.024762,-0.00094,0.00190,0.00046,-0.00127,-0.00133,0.00123
58.4523,0,1,323.93,-38.080,-1.081,-2.631,0.00009,0.00069,-0.00009,0.603,-0.230,-5.130,-76.762,-0.183,-0.149,77.483,0.998983,0.005171,-0.002238,-0.044741,0.783897,-0.620887,-0.000448,-0.002013,0.944930,-0.326331,-0.001424,-0.024780,0.00013,0.00058,-0.00007,0.00005,0.00080,-0.00010
58.7290,0,1,276.62,-38.081,-1.080,-2.629,-0.00111,-0.00038,0.00071,0.603,-0.228,-5.128,-76.764,-0.182,-0.146,77.485,0.998984,0.005170,-0.002228,-0.044724,0.783886,-0.620902,-0.000456,-0.001989,0.944927,-0.326340,-0.001422,-0.024758,-0.00094,0.00004,0.00019,-0.00128,-0.00080,0.00123
58.7532,0,1,24.26,-38.077,-1.078,-2.627,-0.00031,0.00029,0.00017,0.608,-0.219,-5.125,-76.762,-0.186,-0.141,77.487,0.998984,0.005215,-0.002146,-0.044701,0.783899,-0.620885,-0.000511,-0.001972,0.944939,-0.326309,-0.001409,-0.024737,-0.00015,0.00109,0.00045,-0.00047,-0.00052,-0.00010
59.0541,0,1,300.91,-38.075,-1.081,-2.623,0.00035,0.00003,0.00137,0.607,-0.222,-5.124,-76.755,-0.189,-0.133,77.480,0.998985,0.005203,-0.002168,-0.044693,0.783932,-0.620844,-0.000573,-0.001931,0.944946,-0.326289,-0.001453,-0.024710,0.00012,0.00003,0.00205,0.00059,0.00003,0.00069
59.0575,0,1,3.34,-38.074,-1.082,-2.624,0.00115,0.00003,-0.00036,0.608,-0.222,-5.126,-76.755,-0.189,-0.133,77.482,0.998984,0.005216,-0.002173,-0.044707,0.783932,-0.620844,-0.000573,-0.001931,0.944948,-0.326284,-0.001455,-0.024718,0.00172,0.00003,-0.00142,0.00059,0.00003,0.00069
59.5527,0,1,495.24,-38.077,-1.078,-2.621,-0.00071,-0.00050,-0.00011,0.604,-0.222,-5.119,-76.758,-0.185,-0.135,77.480,0.998987,0.005183,-0.002167,-0.044649,0.783920,-0.620859,-0.000534,-0.001926,0.944940,-0.326308,-0.001432,-0.024685,-0.00042,-0.00157,-0.00037,-0.00100,0.00056,0.00014
59.5602,0,1,7.50,-38.074,-1.078,-2.615,-0.00005,0.00097,0.00067,0.611,-0.225,-5.109,-76.758,-0.184,-0.136,77.487,0.998991,0.005242,-0.002199,-0.044558,0.783916,-0.620864,-0.000525,-0.001929,0.944950,-0.326283,-0.001444,-0.024639,0.00009,0.00084,0.00148,-0.00019,0.00109,-0.00013
59.6679,0,1,107.66,-38.074,-1.079,-2.617,0.00009,0.00016,-0.00026,0.612,-0.223,-5.112,-76.759,-0.188,-0.135,77.488,0.998990,0.005247,-0.002184,-0.044583,0.783913,-0.620867,-0.000558,-0.001942,0.944950,-0.326282,-0.001453,-0.024659,0.00009,0.00031,-0.00172,0.00008,0.00002,0.00121
59.6821,0,1,14.25,-38.075,-1.079,-2.617,-0.00058,0.00016,0.00095,0.610,-0.223,-5.111,-76.759,-0.188,-0.135,77.486,0.998990,0.005232,-0.002183,-0.044576,0.783913,-0.620867,-0.000558,-0.001942,0.944947,-0.326289,-0.001452,-0.024655,-0.00124,0.00031,0.00068,0.00008,0.00002,0.00121
60.5857,0,1,903.56,-38.073,-1.072,-2.631,0.00036,0.00053,0.00002,0.610,-0.209,-5.117,-76.756,-0.192,-0.151,77.483,0.998988,0.005235,-0.002059,-0.044633,0.783929,-0.620847,-0.000493,-0.002071,0.944949,-0.326276,-0.001353,-0.024753,-0.00017,0.00162,-0.00037,0.00089,-0.00055,0.00041
